tconst,runtimeMinutes
tt0069049,122.0
tt0293429,110.0
tt0315642,103.0
tt0327785,104.0
tt0360556,100.0
tt0365545,98.0
tt0369610,124.0
tt0376479,108.0
tt0385887,144.0
tt0420293,122.0
tt0437086,122.0
tt0439572,144.0
tt0441881,118.0
tt0448115,132.0
tt0451279,141.0
tt0460890,89.0
tt0462335,119.0
tt0475290,106.0
tt0478970,117.0
tt0490215,161.0
tt0491175,105.0
tt0491203,105.0
tt0493405,100.0
tt0498381,102.0
tt0499097,109.0
tt0775440,98.0
tt0783640,116.0
tt0787524,108.0
tt0790770,100.0
tt0800175,110.0
tt0800325,107.0
tt0803096,123.0
tt0805647,106.0
tt0810819,119.0
tt0837156,90.0
tt0837563,100.0
tt0859635,99.0
tt0870154,127.0
tt0884732,101.0
tt0887261,121.0
tt0899043,122.0
tt0918940,110.0
tt0920462,97.0
tt0972544,101.0
tt0974015,120.0
tt0983946,109.0
tt0993840,148.0
tt0995868,107.0
tt10003008,88.0
tt10006006,84.0
tt1001520,118.0
tt10015244,97.0
tt10016180,128.0
tt10023022,94.0
tt10023024,142.0
tt10023286,108.0
tt10028196,159.0
tt10037014,109.0
tt10039344,90.0
tt10059518,90.0
tt10060094,92.0
tt10062556,113.0
tt10065694,105.0
tt10068916,113.0
tt10078772,91.0
tt10081762,78.0
tt10083174,92.0
tt10083340,152.0
tt10083640,129.0
tt10095582,105.0
tt10096842,92.0
tt10098288,134.0
tt10098448,120.0
tt10101702,90.0
tt10110614,91.0
tt10121392,106.0
tt10123970,127.0
tt10126434,104.0
tt10127684,116.0
tt10127708,101.0
tt10128846,138.0
tt10131024,89.0
tt10145122,120.0
tt10147546,137.0
tt1014763,137.0
tt10151854,130.0
tt10152736,153.0
tt10155932,112.0
tt10160976,110.0
tt1016150,148.0
tt10161886,130.0
tt10168670,131.0
tt10171472,110.0
tt10172266,118.0
tt10182822,151.0
tt10183816,96.0
tt10187208,106.0
tt1018765,107.0
tt10187680,134.0
tt10189300,110.0
tt10189514,153.0
tt10192406,94.0
tt10192566,92.0
tt10192704,86.0
tt10196398,87.0
tt10196464,115.0
tt10199586,106.0
tt10199590,104.0
tt10199640,130.0
tt10199914,121.0
tt10208198,109.0
tt10214826,148.0
tt10223460,112.0
tt10228134,91.0
tt10228168,108.0
tt10229558,95.0
tt10230404,144.0
tt10230414,114.0
tt10230422,98.0
tt10230426,106.0
tt10230994,110.0
tt10233718,110.0
tt10236164,123.0
tt10242388,95.0
tt10243672,115.0
tt10243678,100.0
tt10243992,120.0
tt10245072,114.0
tt1025100,117.0
tt10262380,88.0
tt10262648,107.0
tt10263320,99.0
tt10265034,89.0
tt10268488,126.0
tt10272386,97.0
tt10272534,51.0
tt10274284,90.0
tt10275534,119.0
tt10276470,93.0
tt10276482,104.0
tt10279362,113.0
tt10279472,100.0
tt10280276,134.0
tt10280296,164.0
tt10287954,117.0
tt10288566,117.0
tt10293406,126.0
tt1029360,93.0
tt10295212,135.0
tt10298810,105.0
tt10298840,102.0
tt10300570,122.0
tt10303324,90.0
tt10303430,89.0
tt10304142,134.0
tt10307440,83.0
tt10308928,91.0
tt10309552,86.0
tt10309902,139.0
tt10309906,117.0
tt10310140,100.0
tt10314450,93.0
tt10320050,115.0
tt10322274,112.0
tt10323676,103.0
tt10324122,99.0
tt10324144,130.0
tt10327252,103.0
tt10329134,118.0
tt10329614,84.0
tt10332588,123.0
tt10333426,103.0
tt10333912,124.0
tt10334148,99.0
tt10339052,102.0
tt10340562,151.0
tt10341034,129.0
tt10342228,93.0
tt10342730,93.0
tt10343028,114.0
tt1034385,108.0
tt1034415,152.0
tt10344522,100.0
tt10345590,97.0
tt10350626,112.0
tt10350922,141.0
tt10351180,122.0
tt10358198,116.0
tt10360772,103.0
tt10360862,104.0
tt10362466,105.0
tt10362566,98.0
tt10364034,105.0
tt10365912,122.0
tt10365998,117.0
tt10366206,169.0
tt10366460,111.0
tt10366514,108.0
tt10370710,128.0
tt10370812,97.0
tt10374610,108.0
tt10375106,77.0
tt10375470,95.0
tt10384744,116.0
tt10393870,121.0
tt10394738,97.0
tt10399608,99.0
tt10400028,100.0
tt10403420,138.0
tt10404944,105.0
tt10405142,98.0
tt10406596,93.0
tt10407272,110.0
tt10409498,117.0
tt10413566,90.0
tt10418662,96.0
tt10431500,132.0
tt10441806,121.0
tt10443846,137.0
tt10449276,86.0
tt10451852,124.0
tt10451914,114.0
tt10456740,92.0
tt10457128,101.0
tt10463030,114.0
tt10472102,60.0
tt10473036,93.0
tt10477558,90.0
tt10481868,92.0
tt10482504,103.0
tt10483386,135.0
tt10505316,149.0
tt10505918,179.0
tt10508838,110.0
tt10514222,94.0
tt10515086,130.0
tt10515526,132.0
tt10515864,139.0
tt10515988,98.0
tt1051904,103.0
tt1051906,124.0
tt10521092,124.0
tt10521144,103.0
tt10525672,130.0
tt10530176,112.0
tt10534500,158.0
tt10539608,118.0
tt10543680,125.0
tt10545296,157.0
tt10545484,118.0
tt10548174,115.0
tt10550884,129.0
tt10554232,130.0
tt10556022,103.0
tt10579952,179.0
tt10598156,135.0
tt10600398,100.0
tt10612922,114.0
tt10618286,131.0
tt10620868,98.0
tt10627584,94.0
tt10627720,110.0
tt10628092,108.0
tt10633456,115.0
tt10638522,95.0
tt10640346,189.0
tt10642834,123.0
tt10644708,122.0
tt10648342,118.0
tt10648440,103.0
tt10648714,136.0
tt10649016,122.0
tt10651230,114.0
tt10655524,130.0
tt10661710,112.0
tt10661848,158.0
tt10665338,105.0
tt10665342,111.0
tt10675136,85.0
tt10675724,101.0
tt10676012,116.0
tt10676048,105.0
tt10676052,115.0
tt10682266,103.0
tt10687070,140.0
tt10687116,93.0
tt10687506,111.0
tt10691162,114.0
tt10696784,139.0
tt10696896,139.0
tt10698174,99.0
tt10698680,166.0
tt10699086,147.0
tt10701074,167.0
tt10702148,85.0
tt10706602,109.0
tt1070874,129.0
tt10709484,165.0
tt10710246,123.0
tt10714856,109.0
tt10715446,111.0
tt10717738,144.0
tt10720352,107.0
tt1072748,99.0
tt10728764,91.0
tt10731256,123.0
tt10731264,141.0
tt10731768,110.0
tt10733228,148.0
tt10736580,91.0
tt10738536,112.0
tt10739666,138.0
tt10741542,131.0
tt10752004,104.0
tt10761694,126.0
tt10763618,122.0
tt10763820,107.0
tt10767052,104.0
tt10767168,97.0
tt10772662,88.0
tt10773090,169.0
tt10786774,150.0
tt10793644,89.0
tt10796286,121.0
tt10799690,101.0
tt10804178,140.0
tt10806040,178.0
tt10808832,113.0
tt10811166,170.0
tt1082807,89.0
tt10831086,93.0
tt10833378,87.0
tt1083452,106.0
tt10838180,148.0
tt10840884,143.0
tt10843306,88.0
tt10855768,111.0
tt10856726,84.0
tt1086064,91.0
tt10869778,181.0
tt10872600,148.0
tt10883004,86.0
tt10883506,156.0
tt10885444,119.0
tt10886166,114.0
tt10888594,109.0
tt10888708,100.0
tt10895556,129.0
tt10895576,132.0
tt10896634,90.0
tt10899402,114.0
tt10914452,93.0
tt10915286,86.0
tt10919240,162.0
tt10919380,102.0
tt10928202,131.0
tt10930586,118.0
tt10931784,99.0
tt10933680,97.0
tt10935560,86.0
tt10935956,175.0
tt10937434,108.0
tt10944596,117.0
tt10944760,108.0
tt10948718,114.0
tt10950320,116.0
tt10952782,104.0
tt10954600,124.0
tt10954652,108.0
tt10954718,89.0
tt10954984,130.0
tt10962368,121.0
tt10964430,142.0
tt10964468,127.0
tt10978398,121.0
tt10986222,109.0
tt10993078,96.0
tt10993566,98.0
tt10994688,98.0
tt10999120,127.0
tt11001074,139.0
tt11003218,92.0
tt11012066,93.0
tt11015214,90.0
tt11024272,101.0
tt11027830,135.0
tt11032374,117.0
tt11040844,112.0
tt11044858,90.0
tt11045422,163.0
tt11046300,120.0
tt11054164,88.0
tt11057302,116.0
tt11057594,89.0
tt11057644,112.0
tt11068094,121.0
tt11075264,148.0
tt11080108,98.0
tt11081050,108.0
tt11083552,119.0
tt11084896,88.0
tt11087960,72.0
tt11092020,104.0
tt11095742,109.0
tt11097384,107.0
tt11100856,90.0
tt11107074,104.0
tt11112526,119.0
tt11112784,99.0
tt11112808,139.0
tt11116912,101.0
tt11121664,117.0
tt11123012,115.0
tt11125620,93.0
tt11127680,92.0
tt11127690,94.0
tt11128440,100.0
tt11131464,97.0
tt11138512,137.0
tt11140488,85.0
tt11142762,114.0
tt11143108,151.0
tt11145118,116.0
tt11152168,104.0
tt11160650,86.0
tt11161474,126.0
tt11188624,92.0
tt11196036,111.0
tt11198810,129.0
tt11199356,150.0
tt11199410,96.0
tt11204094,95.0
tt11209212,92.0
tt11210390,112.0
tt11212572,96.0
tt11213372,96.0
tt11213600,139.0
tt11214558,123.0
tt11214590,158.0
tt1121948,126.0
tt11225626,86.0
tt11229134,155.0
tt11233960,112.0
tt11235142,137.0
tt11235772,116.0
tt11240348,95.0
tt1124037,139.0
tt11240506,102.0
tt11242162,113.0
tt11242218,107.0
tt11245972,114.0
tt11252248,101.0
tt11252440,95.0
tt11253090,163.0
tt11260832,123.0
tt11263022,87.0
tt11265320,89.0
tt11271038,133.0
tt11274492,95.0
tt11278476,90.0
tt11281220,118.0
tt11284280,86.0
tt11285280,90.0
tt11285908,130.0
tt11286210,98.0
tt11286314,138.0
tt11286640,96.0
tt11291274,107.0
tt11301886,131.0
tt11301946,155.0
tt11304740,95.0
tt11306376,145.0
tt11307724,103.0
tt11307814,86.0
tt11311958,134.0
tt11314148,146.0
tt11315808,138.0
tt11317142,77.0
tt1131724,98.0
tt11322920,177.0
tt11327514,95.0
tt11348232,89.0
tt11357580,118.0
tt11358390,93.0
tt11358398,114.0
tt11364772,134.0
tt11365186,134.0
tt1136617,118.0
tt1137450,107.0
tt1137470,100.0
tt11374902,148.0
tt11375428,172.0
tt11379988,149.0
tt11382384,119.0
tt11385128,140.0
tt11388278,94.0
tt11388406,103.0
tt11388580,85.0
tt11389748,111.0
tt11389872,145.0
tt11390036,120.0
tt11394180,89.0
tt11394182,92.0
tt11394298,84.0
tt11394332,93.0
tt1139592,100.0
tt11396310,150.0
tt11416594,60.0
tt11416746,81.0
tt11418452,109.0
tt11423214,102.0
tt11423818,153.0
tt11426232,106.0
tt11426572,98.0
tt11454718,132.0
tt11456054,109.0
tt11459366,140.0
tt11460992,145.0
tt11464826,94.0
tt11466222,96.0
tt11469744,130.0
tt11490170,125.0
tt11497716,161.0
tt11499506,97.0
tt11502940,145.0
tt11514780,84.0
tt11525022,99.0
tt11525644,115.0
tt11531182,150.0
tt11535228,141.0
tt11539996,112.0
tt11540284,97.0
tt11540468,93.0
tt11540726,103.0
tt11541872,111.0
tt11542214,118.0
tt11547520,110.0
tt11555492,92.0
tt11563070,152.0
tt11563598,141.0
tt11564570,139.0
tt11576124,105.0
tt11580854,173.0
tt11581174,158.0
tt11586384,90.0
tt1158939,100.0
tt11591306,140.0
tt11591424,87.0
tt1160419,155.0
tt11604676,124.0
tt11614912,86.0
tt11615290,119.0
tt11617052,91.0
tt11618536,100.0
tt11628854,92.0
tt11649338,84.0
tt11650226,79.0
tt11651550,146.0
tt11651780,114.0
tt11651796,108.0
tt11655202,116.0
tt11655566,108.0
tt11656172,98.0
tt11656220,99.0
tt11657662,83.0
tt11658120,111.0
tt11663228,168.0
tt11671006,110.0
tt11674730,90.0
tt1167611,103.0
tt11681250,110.0
tt11681282,122.0
tt11686490,85.0
tt11687002,118.0
tt11687104,89.0
tt11697484,93.0
tt11697844,151.0
tt11698630,102.0
tt11700260,115.0
tt11703050,97.0
tt11703244,97.0
tt11703710,124.0
tt11718516,97.0
tt11720440,136.0
tt1172049,101.0
tt11724920,88.0
tt11727866,108.0
tt11729298,112.0
tt11732164,151.0
tt11734264,80.0
tt11738830,93.0
tt11742798,109.0
tt11750282,97.0
tt11755740,81.0
tt11762114,112.0
tt11762434,88.0
tt11767484,120.0
tt11772746,131.0
tt11773308,153.0
tt11773378,167.0
tt11773426,158.0
tt11773810,92.0
tt11777040,134.0
tt11777738,127.0
tt11778118,101.0
tt11783766,140.0
tt1178665,104.0
tt11790780,92.0
tt11792734,112.0
tt1179933,103.0
tt11804152,91.0
tt11807888,100.0
tt11809034,138.0
tt11813216,114.0
tt11815960,115.0
tt11816092,128.0
tt11820950,116.0
tt11821912,176.0
tt11827628,114.0
tt11832046,86.0
tt11833648,120.0
tt1183374,94.0
tt11847410,96.0
tt11851548,99.0
tt11858890,133.0
tt11859012,116.0
tt11866324,100.0
tt11873440,145.0
tt11874226,105.0
tt11881160,96.0
tt11891850,97.0
tt11892272,127.0
tt11893274,89.0
tt11897478,117.0
tt11905462,103.0
tt11905536,130.0
tt11905962,113.0
tt11908172,98.0
tt11909878,103.0
tt11916302,90.0
tt11930126,120.0
tt11934846,147.0
tt11944928,97.0
tt11947158,129.0
tt11950888,97.0
tt11951276,91.0
tt11953194,150.0
tt11953248,151.0
tt11958344,104.0
tt11976134,144.0
tt11976532,107.0
tt11988512,90.0
tt11989890,83.0
tt11991748,137.0
tt11992424,142.0
tt11992694,114.0
tt11994750,94.0
tt11998558,169.0
tt12001534,118.0
tt1200263,141.0
tt12003946,112.0
tt12004038,96.0
tt12015102,148.0
tt12024308,105.0
tt12037194,148.0
tt12058584,110.0
tt1206885,89.0
tt1210027,105.0
tt12108622,86.0
tt1211837,115.0
tt12121582,88.0
tt1212428,141.0
tt12133722,85.0
tt1213641,141.0
tt12137964,97.0
tt12141112,97.0
tt12143990,120.0
tt12193804,144.0
tt1219827,107.0
tt12221748,89.0
tt12223548,98.0
tt12226632,129.0
tt12229370,104.0
tt12244822,98.0
tt12261776,93.0
tt12262116,147.0
tt12263384,122.0
tt1226766,99.0
tt1226837,120.0
tt12274228,108.0
tt12292206,94.0
tt12298506,100.0
tt12299608,137.0
tt12300742,118.0
tt1230168,119.0
tt1230213,93.0
tt12311620,103.0
tt12311866,93.0
tt12335692,87.0
tt12349832,102.0
tt1235187,122.0
tt12358104,70.0
tt12361178,152.0
tt12361974,242.0
tt12374656,130.0
tt12383460,88.0
tt12393526,94.0
tt12412888,122.0
tt1241317,101.0
tt12415546,122.0
tt12422308,162.0
tt12427158,117.0
tt1243974,105.0
tt12447796,104.0
tt12472554,163.0
tt12474056,86.0
tt12476270,93.0
tt12477480,139.0
tt12496706,104.0
tt12519030,91.0
tt12528166,96.0
tt12530246,132.0
tt12531856,110.0
tt12536294,117.0
tt12545566,117.0
tt12547822,100.0
tt12550376,87.0
tt1255919,90.0
tt12567088,149.0
tt12572040,106.0
tt12573454,116.0
tt12573480,94.0
tt12578564,145.0
tt12579470,93.0
tt12583926,111.0
tt12584954,122.0
tt12585076,104.0
tt12592252,84.0
tt12593682,127.0
tt1259528,140.0
tt12607910,85.0
tt12610390,107.0
tt12616480,108.0
tt12618926,123.0
tt1262426,160.0
tt12625756,120.0
tt12663250,125.0
tt12672536,121.0
tt12672620,115.0
tt12676006,102.0
tt12676326,106.0
tt12677092,98.0
tt12680684,130.0
tt12683756,106.0
tt1270797,112.0
tt12708658,105.0
tt12712604,90.0
tt12718300,98.0
tt12724306,79.0
tt12731980,99.0
tt1273221,118.0
tt12735282,93.0
tt12735338,87.0
tt12735488,180.0
tt12736014,99.0
tt12740760,136.0
tt12747748,138.0
tt12749596,57.0
tt12753120,104.0
tt12758060,118.0
tt12758486,108.0
tt12763920,114.0
tt12783454,112.0
tt12788488,87.0
tt12789558,98.0
tt12792418,131.0
tt12800524,108.0
tt12801262,95.0
tt12808182,110.0
tt12810074,99.0
tt12818328,108.0
tt12823454,109.0
tt12829958,90.0
tt12834962,108.0
tt12838766,136.0
tt12844586,110.0
tt12844910,146.0
tt1285009,85.0
tt12851324,130.0
tt12851396,104.0
tt12861212,129.0
tt12861508,97.0
tt12861850,117.0
tt12873562,105.0
tt12875782,92.0
tt12877640,95.0
tt12879624,99.0
tt12885852,83.0
tt12887178,111.0
tt12887770,87.0
tt12888462,85.0
tt12889404,123.0
tt1289401,117.0
tt1289403,124.0
tt1290138,88.0
tt12908110,104.0
tt12908150,111.0
tt1291566,119.0
tt1291570,101.0
tt12915716,179.0
tt12917050,97.0
tt12921446,111.0
tt1292566,110.0
tt12929990,101.0
tt12930350,112.0
tt1293847,107.0
tt12964320,100.0
tt12971924,97.0
tt1298644,93.0
tt12987894,83.0
tt12996154,111.0
tt13007592,99.0
tt1302006,209.0
tt13022984,144.0
tt13024674,127.0
tt13028258,128.0
tt13029044,110.0
tt13045890,96.0
tt13051810,97.0
tt13055780,106.0
tt13056008,87.0
tt13056052,129.0
tt13058290,79.0
tt13061914,118.0
tt13066182,116.0
tt13069986,98.0
tt13070038,95.0
tt13070602,98.0
tt13079150,95.0
tt13086266,130.0
tt1308728,91.0
tt13087796,108.0
tt13095604,100.0
tt13097336,141.0
tt13097434,140.0
tt13097932,109.0
tt13103340,105.0
tt13103732,93.0
tt13109952,113.0
tt1312221,149.0
tt13130024,95.0
tt13130308,157.0
tt13130760,132.0
tt13130948,142.0
tt13131186,159.0
tt13131232,129.0
tt13131350,160.0
tt13133936,84.0
tt13139228,113.0
tt13141250,92.0
tt13143964,95.0
tt13143988,128.0
tt13145534,74.0
tt13150630,113.0
tt13172796,107.0
tt1318517,132.0
tt13186306,91.0
tt13186482,118.0
tt13186604,100.0
tt13204490,73.0
tt13206926,113.0
tt13207508,116.0
tt1321510,143.0
tt13223398,93.0
tt13229894,154.0
tt13231544,197.0
tt13234058,95.0
tt13235822,83.0
tt13236566,95.0
tt13238346,105.0
tt13243898,123.0
tt13249596,117.0
tt13259610,110.0
tt13265876,93.0
tt13266998,88.0
tt13269536,88.0
tt13269580,88.0
tt13270424,90.0
tt13273800,119.0
tt13274016,134.0
tt13276352,90.0
tt13280054,108.0
tt13287846,158.0
tt13299890,100.0
tt1330018,106.0
tt13304286,103.0
tt13309170,92.0
tt13309978,84.0
tt13314558,113.0
tt13317694,113.0
tt13318052,87.0
tt13320622,112.0
tt13320662,117.0
tt13321244,141.0
tt13322120,101.0
tt13323118,92.0
tt13327038,118.0
tt13334578,133.0
tt13345606,96.0
tt13349716,155.0
tt13352968,97.0
tt13354204,100.0
tt13357520,116.0
tt13364468,100.0
tt13365876,95.0
tt13372794,81.0
tt13375076,103.0
tt13381376,126.0
tt13391696,139.0
tt13391708,103.0
tt13391710,162.0
tt13392012,104.0
tt13397574,94.0
tt1340094,111.0
tt1340138,126.0
tt13403046,114.0
tt13405778,107.0
tt13405810,99.0
tt13406136,94.0
tt1341338,134.0
tt13421132,93.0
tt13421498,108.0
tt13423846,100.0
tt13428402,96.0
tt13429362,107.0
tt13429870,103.0
tt13430858,108.0
tt13433802,99.0
tt13446168,130.0
tt13449624,148.0
tt13451410,142.0
tt13452446,110.0
tt13453006,130.0
tt13456318,108.0
tt13457790,101.0
tt13468602,97.0
tt13468976,167.0
tt13482806,115.0
tt13482828,112.0
tt13491110,138.0
tt13491678,80.0
tt13495458,95.0
tt13502736,89.0
tt13507778,100.0
tt13510660,103.0
tt13521006,179.0
tt13524234,105.0
tt13528564,173.0
tt13529034,140.0
tt13534808,146.0
tt13539646,173.0
tt13544716,101.0
tt13551614,122.0
tt1355631,127.0
tt1355644,116.0
tt1355683,123.0
tt13560574,105.0
tt13566172,91.0
tt13570066,127.0
tt13575806,95.0
tt13583144,53.0
tt13586204,89.0
tt13603966,122.0
tt13610562,126.0
tt1361336,101.0
tt13622970,100.0
tt13623916,132.0
tt13634480,82.0
tt13638858,101.0
tt13640696,98.0
tt13648224,86.0
tt13648228,82.0
tt1365050,137.0
tt13650600,105.0
tt13650700,109.0
tt13650742,109.0
tt13650814,94.0
tt13651462,100.0
tt13651628,121.0
tt13651794,117.0
tt13652142,123.0
tt13652286,102.0
tt13654226,128.0
tt13655120,95.0
tt1365519,119.0
tt13655328,89.0
tt13664684,150.0
tt13669038,104.0
tt13694628,112.0
tt13698928,136.0
tt13698942,92.0
tt13717980,105.0
tt13721828,137.0
tt13723064,96.0
tt1374989,108.0
tt13751694,204.0
tt13793230,167.0
tt13795296,121.0
tt13801462,110.0
tt13804084,84.0
tt13818368,166.0
tt13822738,119.0
tt13825336,148.0
tt13829262,110.0
tt13833688,117.0
tt13834006,125.0
tt13834480,59.0
tt13841850,100.0
tt13842562,108.0
tt13845438,122.0
tt13849558,101.0
tt1386691,86.0
tt1386697,123.0
tt13872248,99.0
tt13873302,102.0
tt13874422,96.0
tt13878694,126.0
tt13880104,100.0
tt13885320,117.0
tt13885428,142.0
tt1389072,135.0
tt1389139,107.0
tt13899250,105.0
tt13899570,158.0
tt1390411,122.0
tt13912632,116.0
tt13918550,93.0
tt13919802,147.0
tt1392190,120.0
tt13923084,111.0
tt13923216,107.0
tt13923456,101.0
tt13926298,134.0
tt13927994,175.0
tt13929998,102.0
tt13932162,103.0
tt13957560,105.0
tt13964390,104.0
tt13964404,82.0
tt13964560,90.0
tt1396484,135.0
tt13968674,113.0
tt13978306,94.0
tt13978658,145.0
tt1398426,147.0
tt13984924,104.0
tt13989030,96.0
tt14001894,104.0
tt14002046,144.0
tt14013772,94.0
tt14025788,91.0
tt14030816,94.0
tt14033502,106.0
tt14034294,92.0
tt14034966,121.0
tt14039582,179.0
tt14041896,94.0
tt14042066,132.0
tt14043966,107.0
tt14056466,142.0
tt14058484,97.0
tt14060094,104.0
tt14060232,97.0
tt14079374,101.0
tt14088510,92.0
tt14091818,142.0
tt14097180,106.0
tt14097206,108.0
tt14099334,156.0
tt14107334,133.0
tt14107554,125.0
tt14109724,104.0
tt14111734,100.0
tt14114802,105.0
tt14121726,88.0
tt14123284,107.0
tt14124080,96.0
tt1412528,87.0
tt14128670,89.0
tt1413492,130.0
tt14138650,128.0
tt14142060,109.0
tt14145426,87.0
tt14145436,87.0
tt14147224,96.0
tt14152140,133.0
tt14152756,89.0
tt14153080,128.0
tt14158554,96.0
tt14160834,106.0
tt14168118,93.0
tt14174940,99.0
tt14176542,159.0
tt14179942,105.0
tt14181816,99.0
tt14182646,177.0
tt14186876,106.0
tt14188930,138.0
tt14199590,96.0
tt14205554,95.0
tt14208870,151.0
tt14209560,130.0
tt14209618,165.0
tt14209916,95.0
tt14217100,106.0
tt14225838,121.0
tt14227048,106.0
tt14230388,105.0
tt14230458,141.0
tt14253846,97.0
tt14257582,108.0
tt14260836,135.0
tt14263856,88.0
tt14270702,156.0
tt14279982,150.0
tt14295590,144.0
tt14298328,110.0
tt14301252,88.0
tt14308636,107.0
tt14309446,101.0
tt1431045,108.0
tt14315500,96.0
tt14315584,112.0
tt14315756,99.0
tt14317880,112.0
tt14318430,83.0
tt14324650,85.0
tt14331144,112.0
tt14339846,107.0
tt14349032,106.0
tt14351082,142.0
tt14362112,91.0
tt14364480,144.0
tt14369780,126.0
tt14371860,107.0
tt14371878,107.0
tt14376344,107.0
tt14400246,112.0
tt14402146,115.0
tt14402926,87.0
tt14403504,93.0
tt14405338,88.0
tt14407336,146.0
tt14407884,176.0
tt14412366,105.0
tt14412446,99.0
tt14415204,101.0
tt14416430,87.0
tt14418234,110.0
tt14428598,119.0
tt14438964,130.0
tt14439896,124.0
tt14444726,158.0
tt14454876,100.0
tt14456350,103.0
tt14458442,123.0
tt14463484,116.0
tt14465706,98.0
tt14465894,95.0
tt14466284,105.0
tt14472156,96.0
tt14479746,108.0
tt14486678,97.0
tt1448754,106.0
tt14500584,70.0
tt14502344,104.0
tt14506528,106.0
tt14509110,93.0
tt14512538,119.0
tt14513804,118.0
tt14526318,166.0
tt14527836,99.0
tt14536120,156.0
tt14537248,97.0
tt14539318,97.0
tt14539740,115.0
tt14539744,92.0
tt14542254,106.0
tt14549466,107.0
tt14550642,94.0
tt14557188,92.0
tt14561712,131.0
tt14564000,159.0
tt14570440,125.0
tt14577300,99.0
tt14577874,103.0
tt1458169,95.0
tt14592064,95.0
tt14592948,104.0
tt14596320,104.0
tt14598754,145.0
tt14614892,100.0
tt1462759,105.0
tt1462764,154.0
tt14633464,112.0
tt14640242,92.0
tt14641542,147.0
tt14641788,129.0
tt14642626,83.0
tt1464335,116.0
tt14647404,118.0
tt1464763,126.0
tt14656632,92.0
tt14668630,106.0
tt14682800,110.0
tt14686544,92.0
tt14687418,100.0
tt1468846,83.0
tt1469304,116.0
tt14714980,94.0
tt14715170,93.0
tt14723224,125.0
tt1472584,92.0
tt14729020,90.0
tt14731142,106.0
tt14731254,109.0
tt1473832,123.0
tt14753612,176.0
tt14757872,103.0
tt1476425,90.0
tt14764464,100.0
tt14775784,116.0
tt1477834,143.0
tt14781036,105.0
tt14781176,115.0
tt1478839,109.0
tt14807348,115.0
tt14810692,121.0
tt14812782,93.0
tt14813212,109.0
tt14813966,105.0
tt14814040,100.0
tt14817272,89.0
tt14821150,142.0
tt14824590,104.0
tt14824600,134.0
tt14826022,117.0
tt14827638,103.0
tt14833464,105.0
tt14846026,91.0
tt14849194,133.0
tt14852624,93.0
tt14855468,91.0
tt14856980,118.0
tt14857528,91.0
tt14857730,90.0
tt1485796,105.0
tt14858658,102.0
tt14859416,129.0
tt14865406,84.0
tt14867006,103.0
tt14875116,159.0
tt14878948,95.0
tt14883538,88.0
tt1488589,117.0
tt1488606,125.0
tt14888860,105.0
tt14888874,138.0
tt14895206,107.0
tt14895716,116.0
tt1489887,102.0
tt1489889,107.0
tt14900738,89.0
tt14901058,80.0
tt14905650,83.0
tt14905854,125.0
tt1490785,123.0
tt14913282,99.0
tt14914430,97.0
tt14914988,146.0
tt14915198,146.0
tt14923008,92.0
tt14923112,100.0
tt14923260,95.0
tt1493274,107.0
tt14948432,123.0
tt14960612,94.0
tt14961016,137.0
tt14961624,107.0
tt14966898,93.0
tt14967472,100.0
tt14967618,104.0
tt14986012,163.0
tt14992922,114.0
tt14993250,168.0
tt14993352,91.0
tt14998742,133.0
tt14999684,91.0
tt15000156,121.0
tt15004156,110.0
tt15006566,137.0
tt15009428,139.0
tt15010692,89.0
tt1502397,124.0
tt1502407,106.0
tt1502712,100.0
tt15033192,92.0
tt15036416,96.0
tt15041836,93.0
tt15042300,119.0
tt15048606,124.0
tt15048614,127.0
tt15073166,117.0
tt15078804,104.0
tt15083184,110.0
tt15090124,83.0
tt15096128,93.0
tt15097216,164.0
tt15097358,150.0
tt15109082,95.0
tt15115280,82.0
tt15128068,129.0
tt15134398,174.0
tt15140278,93.0
tt15145764,124.0
tt15153532,93.0
tt15163652,146.0
tt1517268,114.0
tt15174116,80.0
tt1517451,136.0
tt15181064,116.0
tt15181326,104.0
tt15189534,97.0
tt15193162,134.0
tt1519461,91.0
tt15198608,87.0
tt15206378,82.0
tt15210256,110.0
tt15215512,101.0
tt15218000,105.0
tt15220066,93.0
tt15229674,90.0
tt15239678,166.0
tt15242330,124.0
tt15245240,107.0
tt15245268,99.0
tt1524575,91.0
tt1524930,99.0
tt15251536,136.0
tt15255288,89.0
tt15255876,97.0
tt15257160,123.0
tt15257644,127.0
tt15260176,153.0
tt15268244,95.0
tt1527793,139.0
tt15281402,155.0
tt15281656,80.0
tt15281704,109.0
tt15282148,98.0
tt1528854,96.0
tt15289240,89.0
tt15301048,140.0
tt15302222,144.0
tt15309708,173.0
tt15314262,105.0
tt15315164,134.0
tt15325794,107.0
tt15326988,117.0
tt15327088,148.0
tt15333984,106.0
tt15334030,147.0
tt15334032,105.0
tt15334430,95.0
tt15334488,93.0
tt15338966,90.0
tt15339456,90.0
tt15339570,124.0
tt15340724,119.0
tt15341106,123.0
tt15342244,111.0
tt15351980,106.0
tt15352542,91.0
tt15353964,84.0
tt15354916,169.0
tt15361028,126.0
tt15364972,96.0
tt1536537,123.0
tt15373868,163.0
tt15374070,106.0
tt15376894,122.0
tt15380500,125.0
tt15380608,158.0
tt15380630,163.0
tt15387190,170.0
tt15391770,106.0
tt15392282,144.0
tt15398776,180.0
tt1540011,89.0
tt15416342,200.0
tt15419420,91.0
tt15422224,93.0
tt15426294,90.0
tt1542768,98.0
tt15427934,105.0
tt15427980,139.0
tt15428134,160.0
tt15428940,87.0
tt15430628,126.0
tt15433600,157.0
tt15433956,158.0
tt15434074,135.0
tt15440322,156.0
tt15441054,170.0
tt15445056,99.0
tt1544608,94.0
tt15452062,126.0
tt1545304,105.0
tt15463032,114.0
tt15464390,150.0
tt15469820,93.0
tt15471560,77.0
tt15474916,115.0
tt15477504,105.0
tt15479902,90.0
tt15486810,141.0
tt15488088,85.0
tt15494038,119.0
tt15495150,91.0
tt15501640,140.0
tt15507512,127.0
tt15509244,103.0
tt15509506,135.0
tt15514498,106.0
tt15516226,116.0
tt15516726,148.0
tt15521050,110.0
tt1552211,148.0
tt15546822,128.0
tt15552142,103.0
tt15553956,117.0
tt15554886,126.0
tt15560626,105.0
tt15566126,110.0
tt15574270,100.0
tt15575470,122.0
tt15576290,140.0
tt15576460,132.0
tt15600222,130.0
tt1560220,99.0
tt1563742,112.0
tt1564777,91.0
tt15654262,135.0
tt15654328,164.0
tt15655276,96.0
tt15671028,103.0
tt15676664,100.0
tt15678738,109.0
tt15679400,100.0
tt15680228,124.0
tt15683734,99.0
tt15685876,144.0
tt15710136,135.0
tt1571234,128.0
tt15717242,116.0
tt15732324,156.0
tt15744298,108.0
tt15748830,139.0
tt15767808,117.0
tt15768848,110.0
tt15771916,93.0
tt15782690,106.0
tt15789038,101.0
tt15789472,109.0
tt15789492,96.0
tt15791034,102.0
tt15799524,128.0
tt15799866,104.0
tt15807910,104.0
tt15823728,92.0
tt15824322,89.0
tt15837338,88.0
tt15837458,96.0
tt15838850,106.0
tt15850662,125.0
tt1588878,90.0
tt15893750,82.0
tt1590193,104.0
tt15939198,120.0
tt15944428,135.0
tt1594972,90.0
tt1596342,119.0
tt1596363,130.0
tt15964372,138.0
tt15978956,105.0
tt15979666,141.0
tt15980138,133.0
tt1598642,98.0
tt16077702,131.0
tt1608290,101.0
tt16085592,97.0
tt1609486,90.0
tt1610525,98.0
tt16118524,175.0
tt16118722,135.0
tt16127696,92.0
tt16139258,130.0
tt1615160,113.0
tt1617661,127.0
tt16183464,115.0
tt1618434,97.0
tt1618442,106.0
tt1618448,90.0
tt1619029,100.0
tt1620680,109.0
tt1620935,117.0
tt1620981,86.0
tt16227014,98.0
tt16227342,139.0
tt16233952,87.0
tt16252698,91.0
tt16253418,90.0
tt16277242,144.0
tt16280138,112.0
tt16280912,93.0
tt1628841,120.0
tt1629242,91.0
tt1630029,192.0
tt16300962,99.0
tt16302202,96.0
tt16304446,113.0
tt16311594,155.0
tt1633359,102.0
tt1634106,109.0
tt16360006,100.0
tt16366836,110.0
tt16377862,97.0
tt1638355,116.0
tt1639084,111.0
tt16419074,111.0
tt16425284,110.0
tt16426418,131.0
tt16428256,122.0
tt16431330,96.0
tt16431870,118.0
tt16431966,94.0
tt16437278,100.0
tt1648186,112.0
tt1648190,95.0
tt16491324,98.0
tt16491560,94.0
tt16492636,103.0
tt16492678,87.0
tt1649418,122.0
tt16496386,93.0
tt1653665,107.0
tt16539454,201.0
tt1655389,167.0
tt1655441,112.0
tt1655461,86.0
tt1656177,125.0
tt16565742,128.0
tt1657517,113.0
tt1658801,103.0
tt1659619,122.0
tt1660648,113.0
tt16606592,128.0
tt1661199,105.0
tt1661275,117.0
tt1663202,156.0
tt1663655,86.0
tt1666185,139.0
tt1666801,101.0
tt1667321,110.0
tt1667354,169.0
tt16747572,56.0
tt1674771,104.0
tt1674782,94.0
tt1677720,140.0
tt1679335,92.0
tt1683048,110.0
tt1684562,126.0
tt16900880,137.0
tt1691152,88.0
tt16915972,119.0
tt1691916,98.0
tt1694021,94.0
tt16953666,115.0
tt1695843,123.0
tt1697800,92.0
tt1699518,118.0
tt17007120,110.0
tt1700841,89.0
tt17009348,115.0
tt17009710,151.0
tt17023012,95.0
tt17024450,109.0
tt1703957,104.0
tt17041964,99.0
tt1707380,118.0
tt17076046,108.0
tt1708135,114.0
tt1711525,105.0
tt1712192,102.0
tt1712261,115.0
tt1713440,123.0
tt1714917,108.0
tt1714918,92.0
tt17163970,82.0
tt1718924,108.0
tt17196124,101.0
tt17219484,91.0
tt17220704,98.0
tt1723808,141.0
tt1724970,106.0
tt1726252,98.0
tt17277414,117.0
tt1727770,85.0
tt1727776,93.0
tt1727824,134.0
tt17279496,109.0
tt1730768,127.0
tt1731701,96.0
tt1734493,98.0
tt17351924,131.0
tt1735907,87.0
tt17382524,85.0
tt1741273,111.0
tt1745960,130.0
tt17489650,95.0
tt17491040,126.0
tt17505010,181.0
tt17521612,98.0
tt17526714,141.0
tt17527468,91.0
tt1753383,100.0
tt1754656,108.0
tt1754700,97.0
tt1757678,197.0
tt1758810,119.0
tt17592606,121.0
tt1759744,110.0
tt17632818,153.0
tt17663876,100.0
tt17663992,122.0
tt17676734,107.0
tt17677434,116.0
tt17679584,122.0
tt1772288,106.0
tt1773753,98.0
tt1774591,88.0
tt1777606,95.0
tt1780967,102.0
tt1781058,94.0
tt1781827,111.0
tt1781922,103.0
tt1785635,91.0
tt1790809,129.0
tt1798603,92.0
tt1798632,94.0
tt1798684,124.0
tt1799516,87.0
tt1800302,120.0
tt1801552,112.0
tt1806913,140.0
tt18069420,89.0
tt18072316,163.0
tt18073328,98.0
tt18079362,98.0
tt18082758,87.0
tt18083578,99.0
tt1810683,106.0
tt18108824,119.0
tt18162096,163.0
tt1817232,86.0
tt1817771,92.0
tt18224610,88.0
tt1823672,120.0
tt1825683,134.0
tt18257464,104.0
tt18259086,110.0
tt18260564,89.0
tt18266472,139.0
tt18272208,104.0
tt18298588,94.0
tt1830643,94.0
tt18312380,133.0
tt1833116,113.0
tt18353064,112.0
tt18363072,91.0
tt1837562,97.0
tt18376122,112.0
tt1837636,128.0
tt18382850,113.0
tt1838556,99.0
tt18392014,125.0
tt18394190,104.0
tt18394610,113.0
tt18411490,155.0
tt18412256,119.0
tt18413766,115.0
tt1841642,83.0
tt1843303,75.0
tt1846589,121.0
tt1850457,118.0
tt18550140,118.0
tt18550182,125.0
tt18555320,128.0
tt18559464,89.0
tt18559904,135.0
tt1856080,123.0
tt1856101,164.0
tt18561380,48.0
tt18561736,112.0
tt18568902,134.0
tt1860213,102.0
tt1860242,132.0
tt1860357,107.0
tt18687124,195.0
tt1869347,115.0
tt18747542,109.0
tt1877830,176.0
tt1878841,92.0
tt1878870,104.0
tt1879016,128.0
tt1880399,105.0
tt1881002,95.0
tt18816518,97.0
tt1883367,102.0
tt1890363,114.0
tt18924506,89.0
tt18925334,103.0
tt18926098,154.0
tt1893273,110.0
tt18939362,114.0
tt18951176,131.0
tt1895315,148.0
tt1895587,129.0
tt1896747,132.0
tt18968540,110.0
tt18973958,85.0
tt1901024,92.0
tt19034332,101.0
tt19034522,88.0
tt19175696,91.0
tt1918734,114.0
tt1920885,100.0
tt19223248,108.0
tt1924245,104.0
tt19244260,111.0
tt19246408,120.0
tt19289040,126.0
tt1935194,93.0
tt19356262,84.0
tt1935859,127.0
tt1935897,87.0
tt19403516,80.0
tt19406606,115.0
tt1945044,91.0
tt1945228,90.0
tt1946502,87.0
tt19465630,111.0
tt19500164,101.0
tt1950186,152.0
tt1950235,92.0
tt1951266,137.0
tt1959563,118.0
tt1961175,111.0
tt19623228,143.0
tt19623240,84.0
tt19637052,104.0
tt19637278,92.0
tt19637852,95.0
tt1964418,130.0
tt19652910,88.0
tt1965308,165.0
tt19653180,165.0
tt1966359,113.0
tt1967614,120.0
tt19704542,99.0
tt19704638,97.0
tt19705884,76.0
tt19712072,150.0
tt19713090,95.0
tt19719836,119.0
tt19719976,126.0
tt19724142,91.0
tt1972591,126.0
tt1974419,117.0
tt1974420,127.0
tt19755170,137.0
tt19759204,133.0
tt19760052,135.0
tt1976009,110.0
tt19770238,102.0
tt19783714,110.0
tt19783734,90.0
tt1979376,100.0
tt1979388,93.0
tt19811010,103.0
tt1981128,111.0
tt19838608,118.0
tt19838634,150.0
tt19847976,137.0
tt19848268,92.0
tt19853258,95.0
tt19853698,91.0
tt19857862,135.0
tt19858164,93.0
tt1985949,97.0
tt19861162,116.0
tt1986202,89.0
tt19862722,93.0
tt19864802,113.0
tt19864828,103.0
tt19864832,139.0
tt1987680,126.0
tt19883634,113.0
tt19886242,150.0
tt19887550,100.0
tt19890316,103.0
tt1995390,108.0
tt1999890,89.0
tt20048582,101.0
tt2005151,114.0
tt2006295,127.0
tt20102596,112.0
tt20112600,109.0
tt20112746,91.0
tt2011311,120.0
tt20113412,119.0
tt20114686,99.0
tt20115096,94.0
tt20115766,114.0
tt20119468,95.0
tt2015349,94.0
tt2016303,110.0
tt20168564,142.0
tt2018069,90.0
tt20192230,88.0
tt20194882,94.0
tt20198716,98.0
tt20198774,106.0
tt20201748,112.0
tt20202136,95.0
tt20202324,90.0
tt20205236,106.0
tt20212786,120.0
tt20214908,120.0
tt20215234,120.0
tt20215968,115.0
tt20221436,132.0
tt20222166,83.0
tt20222202,94.0
tt20225374,114.0
tt20234774,100.0
tt20242416,157.0
tt20249418,130.0
tt20256448,120.0
tt20256528,95.0
tt20256556,79.0
tt2025690,117.0
tt20258220,103.0
tt20315818,101.0
tt20316748,126.0
tt2032572,128.0
tt20330434,102.0
tt2034800,103.0
tt2039338,109.0
tt20420628,110.0
tt20452454,140.0
tt20465746,124.0
tt2049403,105.0
tt2049543,101.0
tt20502488,100.0
tt20561198,127.0
tt2056771,125.0
tt2057392,102.0
tt2058673,114.0
tt2062700,129.0
tt2066051,121.0
tt20672490,101.0
tt20672534,128.0
tt2069797,96.0
tt2072230,98.0
tt2072233,95.0
tt2076298,107.0
tt2076822,109.0
tt20768712,107.0
tt20782072,104.0
tt2078718,91.0
tt2080374,122.0
tt20850406,163.0
tt20854842,148.0
tt20854856,106.0
tt20859464,93.0
tt20879602,95.0
tt2088950,104.0
tt2090465,93.0
tt2091256,89.0
tt2091478,95.0
tt20916568,84.0
tt20917338,96.0
tt2091935,95.0
tt2093991,86.0
tt2094766,115.0
tt2096673,95.0
tt20969586,127.0
tt2097298,129.0
tt2097331,105.0
tt20990442,96.0
tt2101383,118.0
tt21027780,81.0
tt21051906,111.0
tt21059520,101.0
tt21064584,132.0
tt2106651,107.0
tt21071620,137.0
tt21094994,102.0
tt21097192,90.0
tt21097228,112.0
tt21103218,130.0
tt21103300,92.0
tt21106646,112.0
tt21113540,110.0
tt2112096,91.0
tt2114504,91.0
tt2118624,91.0
tt2118648,97.0
tt21187592,112.0
tt21188080,101.0
tt21191806,114.0
tt21192142,105.0
tt21194868,108.0
tt2119532,139.0
tt2119543,105.0
tt21200850,116.0
tt2120120,105.0
tt21201300,93.0
tt21227864,109.0
tt21232992,92.0
tt21235248,115.0
tt21237030,132.0
tt21245882,109.0
tt2124787,84.0
tt21250176,102.0
tt21261388,140.0
tt21261712,122.0
tt21262240,134.0
tt2126235,99.0
tt2126355,114.0
tt2126357,103.0
tt21267296,88.0
tt21272942,103.0
tt21276878,103.0
tt21276958,104.0
tt21279138,114.0
tt21279420,146.0
tt21279806,102.0
tt21284218,91.0
tt21291992,91.0
tt21301418,97.0
tt21307994,100.0
tt21308888,117.0
tt2131532,84.0
tt21317634,105.0
tt21328106,117.0
tt2133196,97.0
tt21335356,92.0
tt21335908,84.0
tt21340412,67.0
tt21364552,105.0
tt21374850,113.0
tt21382296,119.0
tt21383812,118.0
tt21385728,105.0
tt21397580,100.0
tt21398196,117.0
tt2139881,125.0
tt2140037,98.0
tt2140379,117.0
tt2140465,128.0
tt2140479,128.0
tt2140507,102.0
tt2140571,109.0
tt2140629,85.0
tt2141773,86.0
tt21419928,103.0
tt21439528,98.0
tt21440780,104.0
tt21454134,116.0
tt21469794,110.0
tt2160105,98.0
tt21626284,122.0
tt21626774,123.0
tt21638298,116.0
tt21651560,109.0
tt21692408,94.0
tt2170427,86.0
tt2172954,123.0
tt21800162,118.0
tt2180339,115.0
tt21807222,118.0
tt21810110,164.0
tt21810682,102.0
tt21815562,123.0
tt21818782,115.0
tt21819228,96.0
tt21819250,95.0
tt21823606,90.0
tt2183014,91.0
tt21830902,104.0
tt21836538,105.0
tt21837726,97.0
tt21848358,116.0
tt21867434,120.0
tt2186848,105.0
tt21874760,89.0
tt21905744,94.0
tt21909764,117.0
tt2191765,105.0
tt21933110,101.0
tt21940010,121.0
tt21942598,107.0
tt21942866,102.0
tt21957774,93.0
tt21958136,96.0
tt21979910,94.0
tt21983758,121.0
tt21991654,90.0
tt21994906,95.0
tt2199571,114.0
tt21998526,105.0
tt22004344,112.0
tt22010428,130.0
tt22016156,103.0
tt22022452,96.0
tt22023218,100.0
tt22027654,145.0
tt22036406,152.0
tt22037066,121.0
tt22041854,113.0
tt22042742,86.0
tt22048412,103.0
tt22050754,91.0
tt22086334,134.0
tt2210769,98.0
tt22170036,157.0
tt22173666,86.0
tt2217859,109.0
tt22188452,134.0
tt22207786,118.0
tt2222042,109.0
tt2222052,101.0
tt22227936,151.0
tt2224026,94.0
tt2226162,93.0
tt2226597,112.0
tt22297828,110.0
tt2231253,92.0
tt2231461,107.0
tt2231874,105.0
tt22352848,98.0
tt2235695,123.0
tt2237324,96.0
tt22375054,97.0
tt2238032,107.0
tt2239822,136.0
tt22408160,164.0
tt2241351,98.0
tt22444570,164.0
tt2245003,112.0
tt22457506,142.0
tt22478818,134.0
tt22488728,154.0
tt2250912,133.0
tt22528200,97.0
tt22543326,163.0
tt2261287,89.0
tt2262315,98.0
tt22640398,110.0
tt2267968,95.0
tt2268016,115.0
tt22687790,103.0
tt22695402,146.0
tt2271563,90.0
tt2273657,99.0
tt22741760,103.0
tt22742964,130.0
tt22743064,148.0
tt2274648,120.0
tt22751230,122.0
tt22769820,83.0
tt22773644,129.0
tt2277860,97.0
tt2279339,107.0
tt2279373,92.0
tt22796890,98.0
tt2283336,114.0
tt2283362,119.0
tt22863968,86.0
tt22866358,129.0
tt22868844,110.0
tt22869490,154.0
tt22874848,99.0
tt22890246,91.0
tt22892546,127.0
tt22893404,124.0
tt22898462,135.0
tt2291540,107.0
tt2293640,91.0
tt22939186,92.0
tt2296777,86.0
tt23018924,156.0
tt2302966,188.0
tt23036080,119.0
tt23049270,114.0
tt2304933,112.0
tt23052532,150.0
tt23055660,140.0
tt23060698,96.0
tt23060796,100.0
tt2309260,81.0
tt23137390,89.0
tt23137904,122.0
tt23149780,129.0
tt2315582,94.0
tt2315596,93.0
tt2316204,122.0
tt2316479,100.0
tt2316548,96.0
tt23172090,106.0
tt23177868,88.0
tt2321341,79.0
tt2321405,70.0
tt2321502,85.0
tt23219684,55.0
tt23220552,141.0
tt2322441,125.0
tt2322517,93.0
tt2325977,112.0
tt2328678,98.0
tt2328900,124.0
tt23289160,124.0
tt2331047,111.0
tt23330554,93.0
tt23334464,124.0
tt23334616,91.0
tt2334871,90.0
tt2337841,85.0
tt2338424,105.0
tt2338454,92.0
tt23398540,165.0
tt2345759,110.0
tt23468450,101.0
tt23468836,121.0
tt2347285,99.0
tt23475174,155.0
tt23476986,108.0
tt2349144,108.0
tt2353868,109.0
tt23554840,161.0
tt23558084,106.0
tt23558280,91.0
tt23561236,117.0
tt23572848,88.0
tt2358925,91.0
tt2361317,129.0
tt2361509,121.0
tt23621682,80.0
tt23638614,113.0
tt23642740,110.0
tt23642744,95.0
tt23648788,84.0
tt2364897,91.0
tt2365580,109.0
tt23664710,134.0
tt2368254,110.0
tt2368619,92.0
tt2372251,96.0
tt23736044,127.0
tt23770030,95.0
tt23778968,98.0
tt23782140,134.0
tt23782248,148.0
tt23782584,111.0
tt2378507,127.0
tt2378830,93.0
tt23790418,88.0
tt23790740,134.0
tt2379713,148.0
tt2380307,105.0
tt23804378,99.0
tt23804696,154.0
tt2381111,117.0
tt2381249,131.0
tt2381941,105.0
tt2381991,114.0
tt2382320,163.0
tt23846482,181.0
tt23846874,116.0
tt23849204,147.0
tt23853982,137.0
tt2386237,89.0
tt2386404,99.0
tt2386490,104.0
tt23865712,128.0
tt23872640,104.0
tt2387499,105.0
tt23875550,135.0
tt2388771,104.0
tt2392830,125.0
tt2393827,92.0
tt23950956,82.0
tt2395427,141.0
tt2395469,154.0
tt2396431,107.0
tt2396589,134.0
tt2397461,96.0
tt2398149,132.0
tt2398241,90.0
tt2400463,100.0
tt2401097,94.0
tt2401878,90.0
tt2402101,113.0
tt2402927,118.0
tt2404233,127.0
tt2404425,109.0
tt2404435,132.0
tt2404465,94.0
tt2404639,105.0
tt24059780,145.0
tt24060892,155.0
tt2406566,115.0
tt24068064,83.0
tt24070754,118.0
tt24082438,97.0
tt24132732,108.0
tt2415458,90.0
tt24169886,101.0
tt24176060,137.0
tt2417712,101.0
tt24216998,90.0
tt24225606,162.0
tt24225846,129.0
tt24226474,172.0
tt24249072,83.0
tt2424988,128.0
tt24249946,108.0
tt24268454,138.0
tt2436386,106.0
tt2436682,110.0
tt2441982,110.0
tt24429218,93.0
tt2443822,111.0
tt24458622,127.0
tt2446980,124.0
tt24478470,102.0
tt24485052,132.0
tt24509990,85.0
tt24515124,97.0
tt24517458,151.0
tt24517830,142.0
tt2452042,88.0
tt2452150,145.0
tt2452244,89.0
tt2452386,97.0
tt24577462,84.0
tt2458948,155.0
tt2461150,95.0
tt2461520,90.0
tt2463208,106.0
tt24679190,106.0
tt2473510,88.0
tt2474958,103.0
tt2474976,97.0
tt2479478,119.0
tt24807110,92.0
tt2481498,110.0
tt24852126,96.0
tt24870072,96.0
tt24871974,106.0
tt2488496,138.0
tt2493486,115.0
tt2494362,132.0
tt24950660,114.0
tt2499472,86.0
tt2503944,101.0
tt2510894,89.0
tt2513074,113.0
tt25134642,139.0
tt2515034,115.0
tt2523832,91.0
tt2527336,152.0
tt2527338,141.0
tt25274786,161.0
tt2531318,106.0
tt2531334,89.0
tt2531344,102.0
tt2534634,99.0
tt25400540,132.0
tt25405130,133.0
tt25406500,112.0
tt2543164,116.0
tt25433734,155.0
tt2543472,113.0
tt25434834,170.0
tt2544766,151.0
tt2545428,90.0
tt25470468,115.0
tt25471950,97.0
tt2547584,133.0
tt2548396,102.0
tt2552394,96.0
tt2554274,119.0
tt2555736,122.0
tt2557478,111.0
tt2560078,112.0
tt2560092,99.0
tt25602750,88.0
tt2560792,82.0
tt2561572,100.0
tt2567026,113.0
tt2568862,96.0
tt2580382,104.0
tt2582496,105.0
tt2582498,93.0
tt2582500,91.0
tt2582502,116.0
tt2582576,113.0
tt2582782,102.0
tt2582784,90.0
tt2584384,108.0
tt2586118,96.0
tt2586120,130.0
tt2592614,107.0
tt2597760,95.0
tt2597768,112.0
tt2597892,85.0
tt26047818,103.0
tt26067432,110.0
tt26084002,85.0
tt2611652,94.0
tt26160190,117.0
tt2619512,83.0
tt2620590,90.0
tt26225118,132.0
tt26229612,130.0
tt26233598,145.0
tt26238710,93.0
tt26243612,136.0
tt2625810,101.0
tt26258634,142.0
tt2631186,159.0
tt26342662,120.0
tt26350277,92.0
tt2637276,115.0
tt2637294,93.0
tt2638144,123.0
tt2639336,98.0
tt26394837,104.0
tt26420234,105.0
tt26439764,165.0
tt26439870,147.0
tt26440619,102.0
tt26442053,94.0
tt26443597,108.0
tt26445483,147.0
tt26446278,178.0
tt26458038,135.0
tt26470109,98.0
tt2649554,112.0
tt2652118,96.0
tt26533869,90.0
tt26537229,110.0
tt26545708,97.0
tt26546123,100.0
tt26547864,100.0
tt26548265,141.0
tt26581740,128.0
tt26584495,97.0
tt26596953,140.0
tt2660888,122.0
tt26612950,98.0
tt26625693,116.0
tt26655108,159.0
tt26655359,160.0
tt26655658,131.0
tt26658104,104.0
tt26658272,145.0
tt26659814,150.0
tt26660021,155.0
tt26671996,95.0
tt2667380,99.0
tt26674627,91.0
tt26675491,134.0
tt26677014,111.0
tt26682012,92.0
tt26683420,113.0
tt26684398,110.0
tt26690825,131.0
tt26691319,142.0
tt2671706,139.0
tt26731216,124.0
tt26733317,153.0
tt26733325,119.0
tt26736843,102.0
tt26739529,94.0
tt26743210,125.0
tt2674358,91.0
tt2674426,110.0
tt26744289,106.0
tt2674430,90.0
tt2674454,105.0
tt26745657,143.0
tt26753003,105.0
tt26757462,99.0
tt26758372,177.0
tt2677722,112.0
tt26783625,94.0
tt2679042,96.0
tt2679552,95.0
tt26843513,100.0
tt26861992,120.0
tt2690138,101.0
tt26903104,166.0
tt26915336,88.0
tt2691804,150.0
tt26926267,88.0
tt26927452,105.0
tt26932223,158.0
tt2693580,86.0
tt26936666,163.0
tt26940324,106.0
tt27007466,146.0
tt27012110,111.0
tt2702724,99.0
tt27028399,140.0
tt2702920,99.0
tt27032419,111.0
tt27047448,111.0
tt2704998,100.0
tt27050277,101.0
tt27051027,168.0
tt27052633,104.0
tt27056012,135.0
tt27056066,125.0
tt27075958,125.0
tt2709692,85.0
tt2709768,86.0
tt27116016,84.0
tt27118357,167.0
tt27125266,132.0
tt27131358,108.0
tt27139868,80.0
tt27145269,97.0
tt27155038,91.0
tt27162102,130.0
tt2716382,95.0
tt2717822,133.0
tt2718440,96.0
tt27191600,116.0
tt27196021,98.0
tt27197387,122.0
tt2719848,121.0
tt2720826,95.0
tt27218960,91.0
tt27235410,155.0
tt2724532,110.0
tt2725076,92.0
tt2726552,95.0
tt2726560,123.0
tt27302079,139.0
tt27304026,97.0
tt27330732,135.0
tt27367464,105.0
tt2737304,124.0
tt27403986,114.0
tt27410895,110.0
tt27417166,106.0
tt27419292,95.0
tt27425164,170.0
tt27431598,139.0
tt27436132,157.0
tt27440937,120.0
tt27441481,168.0
tt27458291,146.0
tt27459160,141.0
tt27470893,142.0
tt27487934,183.0
tt27489557,109.0
tt27490099,161.0
tt27501039,121.0
tt27503384,124.0
tt27510174,147.0
tt27510257,131.0
tt2752772,97.0
tt27534307,110.0
tt27534328,118.0
tt27540185,140.0
tt27540217,139.0
tt27540542,148.0
tt27542289,147.0
tt27542448,103.0
tt27543578,97.0
tt27543632,131.0
tt27578157,111.0
tt27599851,117.0
tt27604215,90.0
tt27619382,87.0
tt27621210,112.0
tt2762506,131.0
tt2763304,117.0
tt27655393,118.0
tt27655979,126.0
tt27657135,109.0
tt27674982,99.0
tt27678883,116.0
tt27679608,127.0
tt27687527,89.0
tt27688034,129.0
tt2771200,129.0
tt27714581,133.0
tt27714946,98.0
tt27719898,138.0
tt27722543,152.0
tt27722618,108.0
tt27724113,108.0
tt27726927,92.0
tt27729779,99.0
tt27744786,132.0
tt27751957,110.0
tt27757805,159.0
tt27766440,115.0
tt2776878,109.0
tt27775403,103.0
tt27802490,134.0
tt27802912,157.0
tt27811040,109.0
tt27812086,97.0
tt27813235,100.0
tt27816710,143.0
tt27817389,116.0
tt2782692,110.0
tt27843798,116.0
tt27847051,161.0
tt2784936,90.0
tt27852049,156.0
tt27866781,109.0
tt27868101,112.0
tt2787302,91.0
tt27881338,118.0
tt2788732,102.0
tt27902121,104.0
tt27906902,111.0
tt27911000,125.0
tt27922706,161.0
tt27930156,93.0
tt27930683,122.0
tt27933364,117.0
tt27936770,134.0
tt27940347,130.0
tt27940442,122.0
tt27957740,150.0
tt27986457,120.0
tt27987046,126.0
tt27989067,132.0
tt2798920,115.0
tt27995594,123.0
tt27996020,157.0
tt2800340,125.0
tt28007064,127.0
tt28015403,111.0
tt2802136,98.0
tt28023902,115.0
tt28026215,92.0
tt28037987,150.0
tt28066777,93.0
tt28073548,88.0
tt28074691,159.0
tt28075881,126.0
tt28076316,106.0
tt28082769,95.0
tt28083456,121.0
tt28089700,145.0
tt28102562,150.0
tt28105944,105.0
tt28131427,116.0
tt28131433,146.0
tt28142095,167.0
tt28142896,100.0
tt2815902,115.0
tt28182053,130.0
tt28182736,106.0
tt28184712,127.0
tt2818654,122.0
tt2820852,137.0
tt28218009,150.0
tt28223926,96.0
tt2822672,90.0
tt28228231,155.0
tt28230296,102.0
tt2823054,98.0
tt28236368,67.0
tt28249919,84.0
tt28252563,160.0
tt28254460,95.0
tt28259207,105.0
tt28277817,119.0
tt28282716,105.0
tt28282872,150.0
tt28288786,156.0
tt28301898,92.0
tt28309594,111.0
tt28325940,132.0
tt28349451,144.0
tt28358950,150.0
tt28362963,112.0
tt28364355,166.0
tt2837574,93.0
tt28377588,134.0
tt28443655,107.0
tt28452681,97.0
tt28459771,124.0
tt28479262,107.0
tt2848292,115.0
tt28490044,106.0
tt28491891,101.0
tt28494829,108.0
tt28494851,92.0
tt2850272,98.0
tt2850386,95.0
tt28508934,150.0
tt28510079,118.0
tt28526239,170.0
tt2854926,100.0
tt28551273,153.0
tt28554013,111.0
tt28607951,139.0
tt28613536,101.0
tt28618488,119.0
tt28620587,103.0
tt28630806,125.0
tt28631109,130.0
tt28635681,103.0
tt2865120,94.0
tt28654369,150.0
tt28664733,96.0
tt2866708,96.0
tt28671344,98.0
tt28679253,135.0
tt28690468,155.0
tt2869728,102.0
tt2870648,128.0
tt28717622,139.0
tt2872462,84.0
tt2872518,132.0
tt2872750,85.0
tt2873282,140.0
tt28754073,142.0
tt28766949,130.0
tt28802657,146.0
tt28812582,140.0
tt28814949,169.0
tt28821371,89.0
tt2884018,113.0
tt2885628,98.0
tt28857146,148.0
tt2888046,105.0
tt28996126,89.0
tt29008225,97.0
tt2905082,112.0
tt2906216,134.0
tt2908446,119.0
tt2909116,121.0
tt2910904,119.0
tt29114029,103.0
tt2911674,80.0
tt29137778,112.0
tt29141112,121.0
tt2917388,95.0
tt2918436,83.0
tt2918606,97.0
tt29195117,93.0
tt29195603,94.0
tt29214162,88.0
tt29224742,166.0
tt2923088,85.0
tt29232158,105.0
tt29242846,106.0
tt29247040,136.0
tt29252358,89.0
tt29268110,127.0
tt29270150,118.0
tt29271622,119.0
tt29272469,120.0
tt29301456,130.0
tt29313285,77.0
tt29319990,134.0
tt2932536,89.0
tt29330913,152.0
tt2933474,99.0
tt29344903,109.0
tt2935390,90.0
tt2935476,119.0
tt2935510,123.0
tt2935622,147.0
tt2937366,94.0
tt2937696,117.0
tt29383191,150.0
tt29383379,145.0
tt2938956,96.0
tt29429860,145.0
tt2943178,92.0
tt29439114,107.0
tt29470244,125.0
tt29471733,101.0
tt2948160,94.0
tt2948356,108.0
tt2948372,100.0
tt2948790,92.0
tt2948840,111.0
tt2950418,130.0
tt2953050,102.0
tt29536228,93.0
tt29538571,88.0
tt2954474,82.0
tt29548562,158.0
tt29550683,100.0
tt29567915,148.0
tt2957760,108.0
tt29603959,110.0
tt29606499,162.0
tt29606526,138.0
tt29623480,102.0
tt2962984,65.0
tt29634843,113.0
tt29644189,114.0
tt2967224,87.0
tt29702934,94.0
tt29713093,94.0
tt29722855,107.0
tt2974050,75.0
tt2974918,92.0
tt2975590,151.0
tt2976182,146.0
tt29768334,102.0
tt2978102,93.0
tt2979920,149.0
tt2980210,98.0
tt29808429,157.0
tt29856129,137.0
tt29884526,139.0
tt2989524,98.0
tt2990140,104.0
tt29927663,109.0
tt29929565,104.0
tt30007864,104.0
tt30017619,104.0
tt30057084,114.0
tt3007132,105.0
tt30073158,107.0
tt30089457,125.0
tt30096221,115.0
tt3009772,97.0
tt30110854,93.0
tt3011960,98.0
tt3013610,106.0
tt3014284,101.0
tt30144381,104.0
tt30144839,161.0
tt3014866,113.0
tt30150907,94.0
tt30150917,94.0
tt30176955,131.0
tt30180830,88.0
tt30215084,65.0
tt30216176,112.0
tt30217143,98.0
tt30253036,97.0
tt30253473,116.0
tt30254719,116.0
tt3026488,103.0
tt30268321,98.0
tt30274401,104.0
tt30292390,97.0
tt3029476,91.0
tt3031654,150.0
tt30319503,93.0
tt30321095,115.0
tt30321133,114.0
tt30321146,94.0
tt30327451,103.0
tt30343021,132.0
tt3038708,93.0
tt30395619,104.0
tt3040964,106.0
tt30415138,145.0
tt30422937,119.0
tt3043252,116.0
tt30445556,94.0
tt30446847,132.0
tt30454602,95.0
tt3045616,107.0
tt3045628,110.0
tt30472557,100.0
tt30476486,85.0
tt30496762,133.0
tt30505698,100.0
tt3053228,90.0
tt3062096,121.0
tt3064298,88.0
tt3064338,83.0
tt30645201,89.0
tt3065204,134.0
tt3068194,90.0
tt3072482,96.0
tt30742355,134.0
tt3076658,133.0
tt3077214,106.0
tt30783769,82.0
tt30788842,83.0
tt3079380,120.0
tt30795948,99.0
tt30796448,96.0
tt30798612,93.0
tt30818815,144.0
tt3082854,111.0
tt3082898,90.0
tt3083008,104.0
tt3083016,118.0
tt30840798,101.0
tt30841606,104.0
tt30852384,98.0
tt30852970,90.0
tt30858568,169.0
tt30876483,109.0
tt30889755,127.0
tt3089630,95.0
tt3090670,90.0
tt30953759,92.0
tt30955489,103.0
tt3095734,104.0
tt3096858,95.0
tt30970235,158.0
tt30972054,88.0
tt3097396,120.0
tt30988739,93.0
tt3100274,113.0
tt31015278,97.0
tt31015496,119.0
tt31022050,101.0
tt31036941,133.0
tt3104988,120.0
tt31064841,93.0
tt3107166,86.0
tt3108244,91.0
tt3108894,106.0
tt3110958,129.0
tt3111426,95.0
tt31116092,90.0
tt31121295,100.0
tt31122323,83.0
tt3113696,83.0
tt3115906,95.0
tt31176520,148.0
tt31179712,108.0
tt31181421,100.0
tt31184028,102.0
tt3118452,87.0
tt31188121,113.0
tt31189315,110.0
tt31190632,100.0
tt31193180,137.0
tt31193791,88.0
tt31194612,133.0
tt3120280,105.0
tt31227572,107.0
tt31249107,101.0
tt3127022,113.0
tt31281659,105.0
tt31314296,88.0
tt31322753,100.0
tt3137630,96.0
tt3137764,108.0
tt3138782,131.0
tt31392609,125.0
tt31425731,93.0
tt31433402,90.0
tt31434030,129.0
tt31434046,87.0
tt31434639,95.0
tt31450182,90.0
tt3147312,88.0
tt3148502,139.0
tt31495504,116.0
tt31499750,90.0
tt31511689,103.0
tt31514146,120.0
tt31514262,109.0
tt31519456,99.0
tt31522415,142.0
tt3152592,94.0
tt3152624,125.0
tt31529147,150.0
tt3154310,107.0
tt3155298,129.0
tt3155328,88.0
tt3155342,92.0
tt31556612,90.0
tt31567422,108.0
tt3159708,152.0
tt31598703,150.0
tt3162938,92.0
tt3164256,106.0
tt3165612,101.0
tt3165630,93.0
tt3168230,104.0
tt31688586,106.0
tt3169770,102.0
tt3170832,118.0
tt31711040,58.0
tt31712434,148.0
tt3171832,90.0
tt3172532,102.0
tt3173594,95.0
tt3174376,97.0
tt31747163,87.0
tt31796256,96.0
tt31797432,121.0
tt31800329,88.0
tt31806049,99.0
tt3181776,96.0
tt3181822,91.0
tt3183660,132.0
tt31844586,89.0
tt31853193,166.0
tt31868189,114.0
tt31888477,123.0
tt31909270,110.0
tt31923069,119.0
tt31945132,168.0
tt31956415,110.0
tt3195644,97.0
tt31969600,163.0
tt31973693,105.0
tt3197766,120.0
tt31989784,111.0
tt31998881,106.0
tt3201640,95.0
tt3202202,163.0
tt3203528,110.0
tt3203606,124.0
tt3203620,120.0
tt32047217,102.0
tt3205376,84.0
tt32058735,140.0
tt32063050,124.0
tt32063098,101.0
tt3208026,100.0
tt32080876,157.0
tt32084246,112.0
tt32086046,93.0
tt32086077,118.0
tt32094375,92.0
tt32106176,161.0
tt3212232,92.0
tt3212904,85.0
tt32135732,167.0
tt3213684,100.0
tt32138452,98.0
tt32138523,95.0
tt32149847,95.0
tt3215824,100.0
tt32159989,138.0
tt3216348,87.0
tt32178949,167.0
tt32189846,146.0
tt32194932,98.0
tt32204858,92.0
tt32221196,97.0
tt32223398,158.0
tt32226697,57.0
tt32237537,118.0
tt3224458,109.0
tt32244679,179.0
tt32246771,104.0
tt32259219,134.0
tt32284154,147.0
tt3228774,134.0
tt32292009,130.0
tt32298285,114.0
tt32299316,98.0
tt32304349,94.0
tt32308617,126.0
tt3231054,107.0
tt32313870,88.0
tt32321317,106.0
tt32323252,135.0
tt32331377,91.0
tt32332404,99.0
tt3233418,114.0
tt3234122,90.0
tt32359447,92.0
tt32360696,122.0
tt3236120,92.0
tt32362695,146.0
tt32368345,87.0
tt32376165,112.0
tt32389619,142.0
tt32434379,120.0
tt3247714,96.0
tt32495339,165.0
tt32495687,142.0
tt3253624,90.0
tt32536315,100.0
tt32537226,100.0
tt32543884,103.0
tt32549601,101.0
tt32550101,105.0
tt3255590,89.0
tt32558992,97.0
tt3256226,96.0
tt32600395,106.0
tt3260524,81.0
tt3262342,94.0
tt32627540,83.0
tt3263904,96.0
tt3263946,127.0
tt32643830,116.0
tt32648798,122.0
tt32654179,109.0
tt3266284,86.0
tt3268668,97.0
tt3270538,73.0
tt3272066,116.0
tt32730754,96.0
tt32765621,62.0
tt32768323,114.0
tt3276924,93.0
tt3278330,134.0
tt3278540,94.0
tt32792934,98.0
tt3280262,91.0
tt3280916,83.0
tt3281548,135.0
tt3282076,89.0
tt32820897,155.0
tt3282858,89.0
tt32832266,149.0
tt32843349,103.0
tt3286052,93.0
tt3286560,130.0
tt32880190,116.0
tt32880932,114.0
tt32887317,151.0
tt3289080,79.0
tt3289712,94.0
tt3289724,116.0
tt3289728,101.0
tt3289956,86.0
tt32903026,90.0
tt3291150,103.0
tt32916093,88.0
tt32916440,149.0
tt32919734,124.0
tt32965688,130.0
tt3296658,93.0
tt3296908,120.0
tt32985279,93.0
tt3300542,99.0
tt3300572,87.0
tt3300980,135.0
tt33014583,214.0
tt33022037,155.0
tt33022710,95.0
tt33028778,92.0
tt33029024,148.0
tt33030375,138.0
tt33034103,100.0
tt33039440,105.0
tt3305308,99.0
tt33053440,99.0
tt33054635,139.0
tt33088452,116.0
tt3311988,86.0
tt3312830,124.0
tt3312868,90.0
tt3315342,137.0
tt3316948,96.0
tt3317208,90.0
tt3317234,101.0
tt3317522,91.0
tt33175825,145.0
tt33184067,122.0
tt3319730,112.0
tt3319920,106.0
tt3321300,104.0
tt3322364,123.0
tt3322892,80.0
tt33244668,99.0
tt33247023,104.0
tt3327624,110.0
tt3327994,190.0
tt33291804,131.0
tt33292655,95.0
tt33294237,129.0
tt33294533,122.0
tt33295741,109.0
tt33305312,139.0
tt33307144,155.0
tt3330764,87.0
tt33311244,112.0
tt3332064,111.0
tt33337007,156.0
tt3335606,116.0
tt33372494,151.0
tt3337550,123.0
tt33400719,94.0
tt33428606,121.0
tt3344694,108.0
tt33452974,134.0
tt33455099,110.0
tt3346224,112.0
tt33474172,122.0
tt33477418,140.0
tt33481094,119.0
tt33484071,82.0
tt3348730,92.0
tt33502160,105.0
tt3352390,92.0
tt33529930,113.0
tt33549447,125.0
tt33549478,96.0
tt3359350,121.0
tt3361792,112.0
tt3369806,111.0
tt3371366,154.0
tt3381008,83.0
tt3385516,144.0
tt3385524,98.0
tt3387266,111.0
tt3387520,108.0
tt3387542,93.0
tt33888131,114.0
tt3393786,118.0
tt3397754,113.0
tt3397884,121.0
tt3397918,82.0
tt3399484,84.0
tt33996113,152.0
tt3399896,94.0
tt3401882,91.0
tt3402138,85.0
tt3402236,114.0
tt3405236,143.0
tt3409848,115.0
tt3410408,127.0
tt3410834,120.0
tt3411432,87.0
tt3411444,108.0
tt34159694,143.0
tt3416532,108.0
tt3416536,107.0
tt3416744,106.0
tt3416828,94.0
tt3417854,92.0
tt3420504,115.0
tt3422078,105.0
tt3427252,98.0
tt34276058,106.0
tt34350086,84.0
tt34365591,130.0
tt34379050,93.0
tt34381258,110.0
tt34388152,134.0
tt3442990,94.0
tt3444312,91.0
tt3445702,85.0
tt3447364,139.0
tt3447590,117.0
tt3449292,120.0
tt3450650,94.0
tt34508974,96.0
tt3450900,110.0
tt3450958,140.0
tt3451230,96.0
tt34548722,119.0
tt3458254,93.0
tt3458510,97.0
tt3460252,168.0
tt34604827,132.0
tt34610311,141.0
tt34621892,98.0
tt3462710,100.0
tt3463106,95.0
tt3463938,114.0
tt3464902,119.0
tt3467412,112.0
tt34682248,106.0
tt3468380,98.0
tt3469046,89.0
tt3469244,136.0
tt3469798,95.0
tt3470600,108.0
tt3471098,98.0
tt3478962,124.0
tt3480796,96.0
tt3480822,134.0
tt3480886,111.0
tt3481634,105.0
tt34819091,136.0
tt3483612,129.0
tt3486626,91.0
tt3487994,86.0
tt3488328,104.0
tt34886821,132.0
tt3488710,123.0
tt34896026,142.0
tt34915705,127.0
tt34936199,142.0
tt3495026,142.0
tt3495030,109.0
tt34956443,144.0
tt34962891,96.0
tt34965515,90.0
tt3498820,147.0
tt3499096,134.0
tt34992378,91.0
tt35003538,96.0
tt3500544,104.0
tt3501112,88.0
tt3501416,140.0
tt3501632,130.0
tt3503406,93.0
tt3508840,105.0
tt35111035,106.0
tt3511596,80.0
tt3513498,107.0
tt3513500,97.0
tt3513548,131.0
tt35146696,145.0
tt3517870,83.0
tt3518012,87.0
tt3520418,84.0
tt3521126,104.0
tt3521164,107.0
tt35217961,109.0
tt35219851,90.0
tt35222590,95.0
tt3522806,98.0
tt35231039,175.0
tt3525168,90.0
tt3526706,105.0
tt35295730,117.0
tt3530002,101.0
tt35301431,129.0
tt35307139,117.0
tt3530978,122.0
tt3531202,96.0
tt3531824,96.0
tt3532216,115.0
tt3533916,93.0
tt3534282,90.0
tt35396529,108.0
tt3540136,90.0
tt3541524,98.0
tt3542188,93.0
tt3544082,95.0
tt3544112,106.0
tt3544218,127.0
tt35518081,112.0
tt35521922,72.0
tt35522483,100.0
tt3553442,112.0
tt3553976,118.0
tt3554046,115.0
tt3560148,90.0
tt3562110,133.0
tt35628853,111.0
tt3563262,112.0
tt3564472,122.0
tt3566834,101.0
tt3567288,94.0
tt3567666,95.0
tt3569230,132.0
tt35705898,118.0
tt35766629,114.0
tt3576728,105.0
tt3577624,106.0
tt3581652,156.0
tt3584496,91.0
tt3588588,92.0
tt35892608,94.0
tt3595298,164.0
tt3603808,86.0
tt3605418,99.0
tt3606752,102.0
tt3606756,118.0
tt3606888,103.0
tt3608930,104.0
tt3610746,83.0
tt3612126,94.0
tt3612320,88.0
tt3614530,118.0
tt3616916,105.0
tt3622110,93.0
tt3622592,109.0
tt3623726,101.0
tt36240772,86.0
tt3626476,103.0
tt3626742,99.0
tt3627704,85.0
tt3628584,111.0
tt36302733,116.0
tt3631112,112.0
tt36329718,116.0
tt36376123,150.0
tt3638396,90.0
tt36388163,140.0
tt3640424,124.0
tt3640682,85.0
tt3645988,132.0
tt36463894,85.0
tt3647498,88.0
tt36491653,103.0
tt3652526,114.0
tt3652862,91.0
tt3654796,78.0
tt3655414,96.0
tt3655682,82.0
tt3658772,106.0
tt36592065,102.0
tt3659388,144.0
tt3661210,112.0
tt3661298,110.0
tt3661394,95.0
tt36616410,125.0
tt3662308,114.0
tt36642456,134.0
tt3665498,82.0
tt3666024,80.0
tt3671542,127.0
tt3672120,84.0
tt3672742,93.0
tt3672840,127.0
tt36741457,116.0
tt3678782,134.0
tt3679000,154.0
tt3679040,145.0
tt3679060,124.0
tt36793656,158.0
tt3682448,142.0
tt36833584,110.0
tt3685236,94.0
tt36856278,80.0
tt36856455,55.0
tt3686998,108.0
tt3687310,94.0
tt3687398,90.0
tt3688406,99.0
tt3691740,117.0
tt3692082,84.0
tt3692652,89.0
tt36934451,92.0
tt36943034,89.0
tt3696180,117.0
tt3696192,141.0
tt3698454,130.0
tt3700392,111.0
tt3700804,78.0
tt37023881,126.0
tt3702652,96.0
tt3702996,115.0
tt3703908,80.0
tt3704050,94.0
tt3704416,85.0
tt3704428,159.0
tt3704700,88.0
tt3705412,86.0
tt3706352,101.0
tt3707104,106.0
tt3707106,122.0
tt3707114,103.0
tt3708886,98.0
tt3711510,92.0
tt3713030,98.0
tt3714720,88.0
tt3715320,95.0
tt3716530,130.0
tt3717252,91.0
tt3717490,124.0
tt3719896,118.0
tt3721936,163.0
tt3721954,115.0
tt3721964,111.0
tt3722062,92.0
tt3722070,104.0
tt3722614,87.0
tt3726704,98.0
tt3727202,97.0
tt37287335,108.0
tt3731562,118.0
tt3733774,92.0
tt3733778,94.0
tt3735246,158.0
tt3735332,81.0
tt3739110,94.0
tt3740778,126.0
tt3741632,112.0
tt3741700,132.0
tt3741834,118.0
tt3742284,115.0
tt3742378,112.0
tt3743042,85.0
tt3746250,96.0
tt3748172,103.0
tt3748440,90.0
tt3748512,79.0
tt3748528,133.0
tt3750872,99.0
tt37529347,148.0
tt3754940,108.0
tt3756788,127.0
tt3758162,103.0
tt3758172,115.0
tt3758542,130.0
tt3758814,109.0
tt3759298,98.0
tt3760922,94.0
tt3762912,99.0
tt37629310,137.0
tt3766354,121.0
tt3766394,90.0
tt3767372,123.0
tt37674426,94.0
tt37676033,115.0
tt3771536,153.0
tt3774114,134.0
tt3774466,100.0
tt3774694,135.0
tt3774790,91.0
tt3774802,91.0
tt3774866,98.0
tt3775086,112.0
tt3775202,126.0
tt3776826,94.0
tt3778644,135.0
tt3780500,107.0
tt3781476,117.0
tt3781762,82.0
tt37836776,83.0
tt3783958,128.0
tt3787590,96.0
tt3792960,114.0
tt3793788,88.0
tt3794028,120.0
tt3794354,99.0
tt37970307,134.0
tt3797512,107.0
tt3797868,111.0
tt3799232,105.0
tt3799372,79.0
tt3799694,116.0
tt3802576,156.0
tt3803860,155.0
tt38063392,53.0
tt3808342,107.0
tt3810760,78.0
tt3811906,111.0
tt38121182,87.0
tt3813310,88.0
tt3816458,118.0
tt3819668,94.0
tt3824412,105.0
tt3824458,88.0
tt3824648,91.0
tt3829266,107.0
tt3829378,86.0
tt3829920,134.0
tt3830162,115.0
tt3832096,99.0
tt3832914,120.0
tt3833480,123.0
tt3835080,103.0
tt3836512,80.0
tt3836958,155.0
tt3838992,88.0
tt3839880,103.0
tt3841424,100.0
tt3844362,79.0
tt3845670,92.0
tt3846674,99.0
tt3848892,159.0
tt3850214,103.0
tt3850590,98.0
tt38525492,127.0
tt3859076,125.0
tt3859272,98.0
tt3859304,100.0
tt3859310,102.0
tt3859980,155.0
tt3860916,105.0
tt3861390,112.0
tt3862750,100.0
tt3863552,163.0
tt3864024,102.0
tt3864056,149.0
tt3864060,116.0
tt3874544,97.0
tt3876910,99.0
tt3877674,104.0
tt3881680,86.0
tt3881784,119.0
tt3882082,97.0
tt3890160,113.0
tt3892172,109.0
tt38938222,126.0
tt3896198,136.0
tt3896738,108.0
tt3899154,82.0
tt3899516,89.0
tt3901826,94.0
tt3904278,90.0
tt3905764,97.0
tt3906082,120.0
tt3907584,107.0
tt3908142,120.0
tt3909336,113.0
tt3915174,102.0
tt3917210,92.0
tt3920820,99.0
tt3921314,162.0
tt3922798,108.0
tt3922816,96.0
tt3922818,120.0
tt3923662,91.0
tt3949660,112.0
tt3954660,104.0
tt3954936,97.0
tt3960240,120.0
tt3960412,87.0
tt3963816,107.0
tt3966404,97.0
tt3967856,120.0
tt3967878,139.0
tt3976144,91.0
tt3978720,86.0
tt3979300,100.0
tt3986820,111.0
tt3991412,108.0
tt3993894,90.0
tt4003070,162.0
tt4003440,152.0
tt4005402,110.0
tt4006302,102.0
tt4007248,84.0
tt4007558,144.0
tt4009278,90.0
tt4015500,114.0
tt4016312,99.0
tt4016934,145.0
tt4019560,102.0
tt4025514,130.0
tt4028464,117.0
tt4030600,96.0
tt4034228,137.0
tt4034354,97.0
tt4034452,120.0
tt4042818,123.0
tt4045450,111.0
tt4046784,131.0
tt4048272,162.0
tt4052050,89.0
tt4052882,86.0
tt4054654,93.0
tt4056738,120.0
tt4057376,110.0
tt4058012,112.0
tt4058500,104.0
tt4058618,105.0
tt4059702,90.0
tt4061010,90.0
tt4061620,107.0
tt4062536,95.0
tt4065552,132.0
tt4068576,136.0
tt4072326,100.0
tt4073790,104.0
tt4074928,112.0
tt4076760,90.0
tt4080672,85.0
tt4080728,116.0
tt4080768,105.0
tt4080956,116.0
tt4081630,124.0
tt4082068,115.0
tt4083572,89.0
tt4084744,110.0
tt4085084,98.0
tt4088268,112.0
tt4094724,108.0
tt4103724,108.0
tt4104022,85.0
tt4104054,100.0
tt4105970,80.0
tt4106376,106.0
tt4106514,104.0
tt4107858,197.0
tt4110568,170.0
tt4116284,104.0
tt4119278,90.0
tt4120176,102.0
tt4123430,134.0
tt4123432,142.0
tt4126304,100.0
tt4126438,87.0
tt4126476,105.0
tt4126568,80.0
tt4129428,161.0
tt4129870,88.0
tt4130484,95.0
tt4131496,107.0
tt4131800,99.0
tt4136084,111.0
tt4136456,110.0
tt4139124,100.0
tt4139588,118.0
tt4139928,153.0
tt4144190,88.0
tt4144350,86.0
tt4145178,103.0
tt4154664,123.0
tt4154756,149.0
tt4154796,181.0
tt4154916,107.0
tt4157728,87.0
tt4158096,91.0
tt4158624,92.0
tt4158876,97.0
tt4160708,88.0
tt4163020,97.0
tt4163224,80.0
tt4163264,87.0
tt4169250,184.0
tt4172430,144.0
tt4176826,116.0
tt4178092,108.0
tt4180560,100.0
tt4181052,101.0
tt4181158,82.0
tt4181782,90.0
tt4183692,123.0
tt4184878,84.0
tt4185572,103.0
tt4190530,120.0
tt4191054,99.0
tt4191580,94.0
tt4191702,118.0
tt4192740,110.0
tt4193072,102.0
tt4193394,110.0
tt4193400,105.0
tt4195278,103.0
tt4196450,120.0
tt4196566,112.0
tt4196776,123.0
tt4196848,104.0
tt4199898,99.0
tt4207112,93.0
tt4209788,140.0
tt4210080,101.0
tt4216984,103.0
tt4217392,107.0
tt4218572,129.0
tt4218696,88.0
tt4219130,113.0
tt4225622,85.0
tt4226388,138.0
tt4229236,132.0
tt4230700,91.0
tt4238858,72.0
tt4244162,88.0
tt4244994,152.0
tt4244998,96.0
tt4255110,78.0
tt4255304,90.0
tt4257858,119.0
tt4257926,109.0
tt4257940,109.0
tt4258292,168.0
tt4258698,84.0
tt4262980,120.0
tt4263482,92.0
tt4264426,88.0
tt4265508,92.0
tt4266076,93.0
tt4266638,83.0
tt4267026,93.0
tt4270516,79.0
tt4271820,139.0
tt4272866,119.0
tt4273292,84.0
tt4273800,121.0
tt4273886,127.0
tt4276820,115.0
tt4281724,85.0
tt4284010,101.0
tt4285496,125.0
tt4287320,110.0
tt4288636,85.0
tt4291590,81.0
tt4291600,89.0
tt4294052,87.0
tt4298958,113.0
tt4299300,111.0
tt4300480,118.0
tt4302938,101.0
tt4302956,133.0
tt4303340,104.0
tt4305148,84.0
tt4309356,104.0
tt4323594,112.0
tt4326444,99.0
tt4328094,84.0
tt4328798,151.0
tt4329810,103.0
tt4331970,114.0
tt4332232,99.0
tt4333674,141.0
tt4334266,118.0
tt4337414,153.0
tt4341582,124.0
tt4348012,86.0
tt4351548,98.0
tt4353250,121.0
tt4353270,94.0
tt4353996,133.0
tt4354756,87.0
tt4356480,113.0
tt4357394,97.0
tt4359416,82.0
tt4361050,99.0
tt4364194,97.0
tt4370784,115.0
tt4372390,97.0
tt4374460,108.0
tt4375438,98.0
tt4381236,93.0
tt4382552,84.0
tt4382824,92.0
tt4382872,82.0
tt4383594,87.0
tt4385888,119.0
tt4387040,130.0
tt4392454,87.0
tt4392770,85.0
tt4399594,131.0
tt4399952,92.0
tt4400038,119.0
tt4400058,93.0
tt4400994,111.0
tt4404474,81.0
tt4411504,108.0
tt4411584,107.0
tt4411596,106.0
tt4412362,100.0
tt4419364,105.0
tt4419684,101.0
tt4420704,79.0
tt4425064,128.0
tt4425200,122.0
tt4428398,98.0
tt4428728,81.0
tt4428788,129.0
tt4428814,91.0
tt4429128,179.0
tt4429160,92.0
tt4429194,92.0
tt4430136,137.0
tt4430212,163.0
tt4432480,149.0
tt4434004,148.0
tt4435072,140.0
tt4437216,96.0
tt4438848,92.0
tt4439120,85.0
tt4439620,99.0
tt4441280,76.0
tt4442758,147.0
tt4443658,89.0
tt4444956,111.0
tt4450706,108.0
tt4451458,128.0
tt4456982,80.0
tt4457344,80.0
tt4458206,114.0
tt4460792,100.0
tt4460800,107.0
tt4463816,95.0
tt4463894,111.0
tt4465564,118.0
tt4465572,111.0
tt4466490,173.0
tt4466936,90.0
tt4468634,107.0
tt4468740,103.0
tt4471908,107.0
tt4477292,128.0
tt4477536,105.0
tt4479380,124.0
tt4481066,93.0
tt4481414,101.0
tt4481514,88.0
tt4483220,90.0
tt4486986,109.0
tt4489416,119.0
tt4494718,90.0
tt4495098,134.0
tt4500922,143.0
tt4501244,111.0
tt4501268,131.0
tt4501454,103.0
tt4503598,82.0
tt4504044,92.0
tt4511200,95.0
tt4513316,123.0
tt4513674,96.0
tt4513678,124.0
tt4516162,129.0
tt4520364,92.0
tt4520988,103.0
tt4526546,89.0
tt4530422,110.0
tt4530884,92.0
tt4532038,94.0
tt4532826,116.0
tt4535650,158.0
tt4536768,95.0
tt4537896,111.0
tt4538916,111.0
tt4540710,132.0
tt4547056,111.0
tt4547120,84.0
tt4547194,106.0
tt4550098,116.0
tt4550420,85.0
tt4552524,94.0
tt4555426,125.0
tt4557956,91.0
tt4558200,110.0
tt4558362,97.0
tt4558376,86.0
tt4559006,158.0
tt4559046,140.0
tt4560008,92.0
tt4560436,94.0
tt4562518,118.0
tt4565520,88.0
tt4566758,115.0
tt4572514,133.0
tt4572792,105.0
tt4572820,111.0
tt4573516,89.0
tt4575328,94.0
tt4575576,104.0
tt4578118,102.0
tt4581576,94.0
tt4585660,99.0
tt4587366,94.0
tt4587656,86.0
tt4589218,109.0
tt4590256,88.0
tt4593060,105.0
tt4594834,127.0
tt4595186,113.0
tt4595882,106.0
tt4596814,162.0
tt4600952,89.0
tt4602066,94.0
tt4610378,123.0
tt4610748,94.0
tt4613254,129.0
tt4613272,113.0
tt4614584,122.0
tt4614612,154.0
tt4618398,95.0
tt4621630,105.0
tt4621872,116.0
tt4622512,121.0
tt4622682,111.0
tt4624366,88.0
tt4624424,87.0
tt4627382,126.0
tt4630444,97.0
tt4630550,113.0
tt4630562,136.0
tt4631532,88.0
tt4633690,121.0
tt4633694,117.0
tt4635372,109.0
tt4640206,138.0
tt4642192,120.0
tt4644382,89.0
tt4645330,109.0
tt4645368,97.0
tt4648786,125.0
tt4649416,111.0
tt4649466,141.0
tt4651410,90.0
tt4651466,94.0
tt4651520,100.0
tt4652532,108.0
tt4652650,93.0
tt4659056,119.0
tt4660980,90.0
tt4662420,86.0
tt4665630,99.0
tt4666726,119.0
tt4667094,92.0
tt4667854,82.0
tt4669186,96.0
tt4669252,99.0
tt4669264,109.0
tt4669296,118.0
tt4669788,120.0
tt4669986,123.0
tt4679210,156.0
tt4680182,109.0
tt4680980,92.0
tt4682266,94.0
tt4682786,97.0
tt4682788,123.0
tt4682804,124.0
tt4683366,127.0
tt4685762,97.0
tt4685806,95.0
tt4686844,107.0
tt4687108,101.0
tt4687276,89.0
tt4687358,84.0
tt4687848,124.0
tt4693358,96.0
tt4693464,124.0
tt4694544,94.0
tt4695012,91.0
tt4695548,86.0
tt4698584,107.0
tt4698684,101.0
tt4699388,98.0
tt4701182,114.0
tt4701660,94.0
tt4701724,89.0
tt4703048,94.0
tt4706888,85.0
tt4712810,113.0
tt4714568,83.0
tt4714782,105.0
tt4717402,94.0
tt4720702,94.0
tt4721124,107.0
tt4726636,122.0
tt4727512,158.0
tt4728338,114.0
tt4728386,88.0
tt4729430,96.0
tt4730986,105.0
tt4731008,91.0
tt4731136,146.0
tt4731148,132.0
tt4733624,109.0
tt4733640,109.0
tt4736550,114.0
tt4738360,99.0
tt4741714,102.0
tt4743226,96.0
tt4744086,126.0
tt4758646,122.0
tt4761112,129.0
tt4761916,92.0
tt4765240,83.0
tt4765284,93.0
tt4766630,94.0
tt4768764,123.0
tt4768776,121.0
tt4769824,129.0
tt4769836,108.0
tt4771896,92.0
tt4771932,92.0
tt4772188,85.0
tt4776998,133.0
tt4777008,119.0
tt4778988,98.0
tt4779682,113.0
tt4781612,109.0
tt4786132,82.0
tt4786282,81.0
tt4788722,120.0
tt4795124,115.0
tt4795546,130.0
tt4796122,85.0
tt4799050,101.0
tt4799064,89.0
tt4799066,91.0
tt4805316,100.0
tt4806232,146.0
tt4807408,133.0
tt4807830,117.0
tt4809458,77.0
tt4814290,136.0
tt4814760,98.0
tt4815122,87.0
tt4823434,83.0
tt4823776,91.0
tt4824302,118.0
tt4824308,120.0
tt4827558,113.0
tt4827986,108.0
tt4830786,113.0
tt4832640,170.0
tt4833824,135.0
tt4840206,103.0
tt4842646,91.0
tt4844140,124.0
tt4844148,98.0
tt4844150,98.0
tt4846232,102.0
tt4846318,104.0
tt4846340,127.0
tt4849438,167.0
tt4851630,120.0
tt4853102,76.0
tt4855748,92.0
tt4857264,106.0
tt4858674,107.0
tt4859168,97.0
tt4859246,138.0
tt4864932,133.0
tt4867110,93.0
tt4872078,90.0
tt4873118,123.0
tt4874206,118.0
tt4876134,94.0
tt4877122,86.0
tt4878482,110.0
tt4881364,109.0
tt4881806,128.0
tt4882376,136.0
tt4888834,166.0
tt4896168,90.0
tt4897822,120.0
tt4898730,78.0
tt4899370,116.0
tt4900148,98.0
tt4900708,130.0
tt4900716,132.0
tt4901306,96.0
tt4902716,100.0
tt4906960,136.0
tt4906984,130.0
tt4908644,102.0
tt4909752,170.0
tt4911940,93.0
tt4911996,110.0
tt4912910,147.0
tt4913966,93.0
tt4914580,140.0
tt4916630,137.0
tt4917224,90.0
tt4919268,115.0
tt4919484,85.0
tt4920274,70.0
tt4921860,134.0
tt4922674,104.0
tt4922692,102.0
tt4924942,129.0
tt4925292,94.0
tt4928620,118.0
tt4932154,115.0
tt4934950,132.0
tt4935158,94.0
tt4935334,89.0
tt4935372,79.0
tt4935418,97.0
tt4935462,89.0
tt4936176,89.0
tt4936450,128.0
tt4939066,111.0
tt4940370,108.0
tt4943322,106.0
tt4944596,127.0
tt4951982,117.0
tt4954522,99.0
tt4955566,101.0
tt4958448,128.0
tt4960748,130.0
tt4961380,90.0
tt4964310,121.0
tt4964788,133.0
tt4966532,105.0
tt4967094,134.0
tt4969044,131.0
tt4971344,122.0
tt4971408,91.0
tt4972062,92.0
tt4972582,117.0
tt4974684,105.0
tt4975280,121.0
tt4975722,111.0
tt4975920,100.0
tt4976192,86.0
tt4977530,106.0
tt4978342,112.0
tt4978420,101.0
tt4978710,99.0
tt4981636,92.0
tt4981966,164.0
tt4983780,147.0
tt4986098,97.0
tt4986134,106.0
tt4987556,160.0
tt4991384,117.0
tt4991512,82.0
tt4992086,137.0
tt4995540,131.0
tt4995776,129.0
tt4995790,151.0
tt4996328,118.0
tt4998632,136.0
tt5001718,96.0
tt5001754,94.0
tt5005684,100.0
tt5012504,78.0
tt5013056,106.0
tt5013984,84.0
tt5016946,95.0
tt5017936,80.0
tt5022702,82.0
tt5023260,108.0
tt5027774,115.0
tt5028340,130.0
tt5029608,113.0
tt5033998,118.0
tt5034266,103.0
tt5034474,95.0
tt5034838,113.0
tt5037840,97.0
tt5039054,158.0
tt5039994,87.0
tt5040012,132.0
tt5052448,104.0
tt5052474,122.0
tt5057140,125.0
tt5059406,89.0
tt5060166,84.0
tt5065822,92.0
tt5066556,139.0
tt5071886,153.0
tt5073620,92.0
tt5073642,111.0
tt5074352,161.0
tt5075662,96.0
tt5076214,117.0
tt5078204,118.0
tt5078214,97.0
tt5078852,119.0
tt5080556,148.0
tt5082014,130.0
tt5083702,96.0
tt5083738,119.0
tt5084170,140.0
tt5085522,83.0
tt5085924,92.0
tt5089786,108.0
tt5090568,127.0
tt5091530,92.0
tt5091612,110.0
tt5092380,89.0
tt5093026,133.0
tt5095030,118.0
tt5095506,77.0
tt5096470,100.0
tt5097410,100.0
tt5098128,168.0
tt5104604,101.0
tt5108476,130.0
tt5108870,104.0
tt5109280,107.0
tt5109784,121.0
tt5111874,99.0
tt5112578,103.0
tt5112584,117.0
tt5113010,125.0
tt5113040,86.0
tt5113044,87.0
tt5114588,112.0
tt5114840,99.0
tt5116302,113.0
tt5116410,82.0
tt5117428,101.0
tt5117670,95.0
tt5119116,88.0
tt5120640,131.0
tt5121000,114.0
tt5121816,102.0
tt5125894,90.0
tt5126922,116.0
tt5128328,139.0
tt5129682,91.0
tt5129818,106.0
tt5133308,120.0
tt5140878,109.0
tt5143226,85.0
tt5144174,117.0
tt5147214,118.0
tt5149490,84.0
tt5151570,115.0
tt5153236,102.0
tt5153288,108.0
tt5153956,117.0
tt5154288,88.0
tt5155780,102.0
tt5156746,127.0
tt5157456,142.0
tt5157682,103.0
tt5159414,81.0
tt5160928,108.0
tt5160938,105.0
tt5164184,110.0
tt5164214,110.0
tt5164432,110.0
tt5164438,102.0
tt5165344,148.0
tt5168192,100.0
tt5170810,89.0
tt5173032,96.0
tt5175450,103.0
tt5177088,115.0
tt5177114,129.0
tt5177120,122.0
tt5178278,148.0
tt5179598,108.0
tt5181830,105.0
tt5181852,84.0
tt5186714,124.0
tt5189894,93.0
tt5195412,106.0
tt5197544,141.0
tt5198068,103.0
tt5198890,97.0
tt5206260,90.0
tt5207158,130.0
tt5207204,121.0
tt5208216,116.0
tt5208252,122.0
tt5208950,110.0
tt5213534,122.0
tt5215088,85.0
tt5215952,156.0
tt5220122,97.0
tt5221584,146.0
tt5221894,101.0
tt5222918,100.0
tt5225338,76.0
tt5226984,117.0
tt5227746,129.0
tt5229228,115.0
tt5235880,151.0
tt5238904,93.0
tt5246700,113.0
tt5247022,118.0
tt5247704,113.0
tt5251328,124.0
tt5253282,99.0
tt5253294,89.0
tt5254610,104.0
tt5254868,81.0
tt5255710,154.0
tt5258850,117.0
tt5259822,102.0
tt5265960,98.0
tt5267472,108.0
tt5268348,105.0
tt5270948,106.0
tt5275828,98.0
tt5275892,467.0
tt5278460,95.0
tt5278464,100.0
tt5278506,92.0
tt5278596,96.0
tt5278832,92.0
tt5286444,122.0
tt5287168,110.0
tt5290524,86.0
tt5294198,95.0
tt5294518,98.0
tt5294522,98.0
tt5294550,132.0
tt5294966,118.0
tt5297256,161.0
tt5301662,118.0
tt5301942,170.0
tt5302918,121.0
tt5304464,107.0
tt5304992,105.0
tt5304996,88.0
tt5306972,183.0
tt5308322,96.0
tt5310090,109.0
tt5311514,106.0
tt5311542,189.0
tt5311546,166.0
tt5312232,174.0
tt5314118,92.0
tt5315210,107.0
tt5315212,111.0
tt5316540,94.0
tt5316648,124.0
tt5322012,90.0
tt5323640,155.0
tt5323662,130.0
tt5325452,103.0
tt5328350,128.0
tt5329376,114.0
tt5335128,115.0
tt5338222,111.0
tt5340300,121.0
tt5344054,123.0
tt5351458,93.0
tt5351818,123.0
tt5352846,91.0
tt5354160,147.0
tt5360952,103.0
tt5360996,120.0
tt5362988,107.0
tt5363618,120.0
tt5371168,92.0
tt5390066,96.0
tt5390504,143.0
tt5397194,100.0
tt5420210,104.0
tt5420886,95.0
tt5427032,114.0
tt5427194,101.0
tt5431082,112.0
tt5431890,112.0
tt5433114,130.0
tt5433138,143.0
tt5433140,141.0
tt5436228,101.0
tt5437928,111.0
tt5439796,118.0
tt5439812,86.0
tt5440700,157.0
tt5442430,104.0
tt5442456,93.0
tt5446858,116.0
tt5451118,145.0
tt5451244,112.0
tt5456546,145.0
tt5457772,126.0
tt5458088,177.0
tt5460276,139.0
tt5460508,105.0
tt5460530,99.0
tt5460658,112.0
tt5460858,127.0
tt5460880,91.0
tt5461944,123.0
tt5461956,89.0
tt5462288,90.0
tt5462326,86.0
tt5462602,120.0
tt5463162,119.0
tt5464234,91.0
tt5466186,107.0
tt5472374,117.0
tt5472758,126.0
tt5474036,156.0
tt5474042,135.0
tt5477566,104.0
tt5477608,127.0
tt5478478,134.0
tt5479616,105.0
tt5493944,85.0
tt5498354,92.0
tt5500148,116.0
tt5500218,102.0
tt5501104,110.0
tt5503686,110.0
tt5503688,98.0
tt5504168,110.0
tt5505316,93.0
tt5510934,100.0
tt5516328,98.0
tt5517438,77.0
tt5519340,117.0
tt5523010,99.0
tt5525650,173.0
tt5533370,97.0
tt5534434,83.0
tt5534436,147.0
tt5535276,129.0
tt5535942,104.0
tt5536610,123.0
tt5536736,112.0
tt5537002,206.0
tt5538800,105.0
tt5539052,95.0
tt5539054,89.0
tt5540188,111.0
tt5540992,90.0
tt5541240,107.0
tt5541848,97.0
tt5542802,147.0
tt5544384,119.0
tt5555502,96.0
tt5559528,137.0
tt5562070,98.0
tt5562652,91.0
tt5563324,92.0
tt5563330,105.0
tt5563334,109.0
tt5566790,101.0
tt5571734,136.0
tt5577494,112.0
tt5577742,104.0
tt5580036,119.0
tt5580266,133.0
tt5580390,123.0
tt5580392,96.0
tt5580536,92.0
tt5581284,100.0
tt5584796,96.0
tt5585272,103.0
tt5586362,90.0
tt5591666,95.0
tt5592248,93.0
tt5592796,113.0
tt5592878,98.0
tt5593384,165.0
tt5595168,110.0
tt5598102,94.0
tt5598216,90.0
tt5598292,88.0
tt5599692,97.0
tt5600714,147.0
tt5605076,91.0
tt5606538,124.0
tt5606664,152.0
tt5607028,135.0
tt5607096,97.0
tt5607714,116.0
tt5610554,95.0
tt5612742,92.0
tt5613484,85.0
tt5613834,145.0
tt5614612,90.0
tt5616176,101.0
tt5616294,100.0
tt5617916,80.0
tt5619332,105.0
tt5622412,104.0
tt5624466,98.0
tt5628302,107.0
tt5628902,107.0
tt5629964,95.0
tt5635026,106.0
tt5635086,104.0
tt5636228,113.0
tt5638642,94.0
tt5639354,104.0
tt5639446,100.0
tt5640450,88.0
tt5646136,106.0
tt5648882,126.0
tt5649108,92.0
tt5649144,111.0
tt5653294,138.0
tt5653514,99.0
tt5655222,96.0
tt5657028,89.0
tt5657846,100.0
tt5657856,132.0
tt5662932,133.0
tt5664636,90.0
tt5666304,89.0
tt5668770,103.0
tt5669936,90.0
tt5670152,96.0
tt5672290,119.0
tt5687334,107.0
tt5688068,104.0
tt5688932,112.0
tt5688996,99.0
tt5689068,92.0
tt5690142,146.0
tt5690360,93.0
tt5690810,106.0
tt5691024,92.0
tt5691670,139.0
tt5692390,106.0
tt5697572,110.0
tt5698320,104.0
tt5699154,117.0
tt5700224,86.0
tt5700672,118.0
tt5709188,98.0
tt5710514,93.0
tt5711148,105.0
tt5713232,133.0
tt5714470,94.0
tt5715066,104.0
tt5715410,92.0
tt5715874,121.0
tt5716464,118.0
tt5717492,95.0
tt5719700,97.0
tt5719748,119.0
tt5721088,91.0
tt5723272,106.0
tt5723286,82.0
tt5723416,103.0
tt5726086,103.0
tt5726616,132.0
tt5727208,135.0
tt5727282,107.0
tt5728684,85.0
tt5729348,118.0
tt5734576,86.0
tt5735280,92.0
tt5737388,84.0
tt5737536,88.0
tt5737862,97.0
tt5740866,120.0
tt5742374,89.0
tt5748448,107.0
tt5751998,91.0
tt5752192,90.0
tt5755238,102.0
tt5758778,102.0
tt5761544,119.0
tt5764024,135.0
tt5764096,132.0
tt5770864,98.0
tt5773402,120.0
tt5774060,95.0
tt5774062,101.0
tt5774450,105.0
tt5776208,97.0
tt5776858,130.0
tt5777628,113.0
tt5779228,101.0
tt5779372,97.0
tt5779540,90.0
tt5783956,97.0
tt5785170,155.0
tt5789976,108.0
tt5792468,91.0
tt5792656,100.0
tt5795086,93.0
tt5797184,106.0
tt5804038,93.0
tt5805752,97.0
tt5808778,77.0
tt5809020,80.0
tt5813366,109.0
tt5813916,135.0
tt5814060,96.0
tt5814534,102.0
tt5814592,71.0
tt5816374,91.0
tt5816682,111.0
tt5822536,106.0
tt5822564,102.0
tt5824826,125.0
tt5825380,101.0
tt5827790,96.0
tt5827916,174.0
tt5829040,81.0
tt5834262,94.0
tt5834426,130.0
tt5834760,103.0
tt5834854,84.0
tt5834874,106.0
tt5836316,94.0
tt5842616,135.0
tt5843876,93.0
tt5845758,98.0
tt5848272,112.0
tt5859238,88.0
tt5859882,110.0
tt5862166,98.0
tt5862312,105.0
tt5864904,78.0
tt5865326,96.0
tt5867314,137.0
tt5867800,130.0
tt5871080,126.0
tt5881528,113.0
tt5882970,136.0
tt5883570,120.0
tt5883632,83.0
tt5884052,104.0
tt5884230,102.0
tt5884234,97.0
tt5884784,90.0
tt5884796,107.0
tt5886046,99.0
tt5886440,110.0
tt5893264,100.0
tt5893332,130.0
tt5895028,100.0
tt5897636,97.0
tt5906392,135.0
tt5910280,126.0
tt5910350,116.0
tt5912454,80.0
tt5913798,95.0
tt5914996,110.0
tt5918074,110.0
tt5918982,103.0
tt5919756,100.0
tt5923962,95.0
tt5927352,110.0
tt5929750,82.0
tt5929754,105.0
tt5929776,96.0
tt5932368,94.0
tt5932728,124.0
tt5934922,126.0
tt5935704,163.0
tt5936492,77.0
tt5936692,123.0
tt5936866,89.0
tt5937770,107.0
tt5941692,104.0
tt5946128,151.0
tt5946852,162.0
tt5950044,129.0
tt5951188,130.0
tt5952138,95.0
tt5952332,92.0
tt5952594,96.0
tt5956100,161.0
tt5959980,164.0
tt5960374,114.0
tt5962210,98.0
tt5963218,113.0
tt5968274,114.0
tt5968394,109.0
tt5969696,132.0
tt5970844,164.0
tt5971474,135.0
tt5973032,76.0
tt5973626,78.0
tt5974030,85.0
tt5977276,108.0
tt5978724,108.0
tt5979872,108.0
tt5979874,89.0
tt5982852,137.0
tt5983262,151.0
tt5985288,114.0
tt5987402,133.0
tt5988370,108.0
tt5989218,117.0
tt5990066,90.0
tt5990342,85.0
tt5990474,100.0
tt5996202,114.0
tt5996836,151.0
tt5997666,143.0
tt6000478,122.0
tt6002232,93.0
tt6003368,91.0
tt6010628,104.0
tt6012380,92.0
tt6014472,89.0
tt6016744,121.0
tt6017756,109.0
tt6017942,102.0
tt6018306,125.0
tt6020800,97.0
tt6027478,165.0
tt6032328,91.0
tt6038600,120.0
tt6040012,120.0
tt6040662,105.0
tt6043142,118.0
tt6044910,123.0
tt6045466,91.0
tt6048922,91.0
tt6048930,96.0
tt6051096,98.0
tt6053438,113.0
tt6054758,159.0
tt6054846,125.0
tt6060156,90.0
tt6060444,108.0
tt6060964,111.0
tt6062774,102.0
tt6063050,120.0
tt6063090,119.0
tt6067752,175.0
tt6068960,150.0
tt6079516,98.0
tt6079772,109.0
tt6081670,85.0
tt6083230,103.0
tt6083648,103.0
tt6084202,123.0
tt6087226,111.0
tt6095472,97.0
tt6095616,120.0
tt6097798,93.0
tt6101820,97.0
tt6104206,85.0
tt6105098,118.0
tt6107548,102.0
tt6108090,150.0
tt6108178,114.0
tt6111574,100.0
tt6113488,112.0
tt6116856,121.0
tt6117702,140.0
tt6119504,99.0
tt6119856,96.0
tt6127004,95.0
tt6129302,154.0
tt6133130,108.0
tt6133466,97.0
tt6135348,143.0
tt6138228,90.0
tt6139732,128.0
tt6141246,100.0
tt6143568,95.0
tt6143850,86.0
tt6146586,130.0
tt6148156,147.0
tt6149154,112.0
tt6155172,135.0
tt6155190,61.0
tt6156350,166.0
tt6160448,136.0
tt6164502,115.0
tt6166392,116.0
tt6167894,132.0
tt6169694,99.0
tt6170954,147.0
tt6173990,151.0
tt6179746,90.0
tt6182078,103.0
tt6182908,96.0
tt6186910,170.0
tt6189022,121.0
tt6193408,86.0
tt6193424,108.0
tt6195094,91.0
tt6196936,87.0
tt6198946,90.0
tt6199572,103.0
tt6201292,169.0
tt6203702,157.0
tt6204340,93.0
tt6205872,108.0
tt6206564,105.0
tt6207878,99.0
tt6208148,109.0
tt6210996,88.0
tt6211976,91.0
tt6212478,116.0
tt6212984,147.0
tt6214084,104.0
tt6214928,102.0
tt6217306,130.0
tt6217564,90.0
tt6217608,104.0
tt6217804,101.0
tt6217926,141.0
tt6218010,120.0
tt6218358,101.0
tt6222118,97.0
tt6223806,89.0
tt6225520,104.0
tt6237612,105.0
tt6237966,138.0
tt6241872,96.0
tt6243140,100.0
tt6246322,98.0
tt6251024,92.0
tt6257174,91.0
tt6259380,98.0
tt6263618,125.0
tt6263850,128.0
tt6264148,88.0
tt6264654,115.0
tt6264938,150.0
tt6265050,156.0
tt6265828,92.0
tt6266538,132.0
tt6269368,109.0
tt6269434,101.0
tt6270534,105.0
tt6277440,139.0
tt6277462,167.0
tt6285944,120.0
tt6288124,114.0
tt6288250,109.0
tt6288694,87.0
tt6290798,88.0
tt6292852,113.0
tt6293516,113.0
tt6294822,116.0
tt6299040,116.0
tt6300910,95.0
tt6302160,136.0
tt6303866,98.0
tt6304046,116.0
tt6304162,127.0
tt6306064,96.0
tt6315524,139.0
tt6316138,125.0
tt6317656,95.0
tt6320628,129.0
tt6322922,98.0
tt6324278,97.0
tt6324614,118.0
tt6333052,80.0
tt6333054,93.0
tt6333060,120.0
tt6334354,132.0
tt6335734,92.0
tt6336356,103.0
tt6338476,100.0
tt6338498,95.0
tt6341832,100.0
tt6343314,130.0
tt6348138,93.0
tt6349302,90.0
tt6359554,148.0
tt6359956,104.0
tt6367558,107.0
tt6372694,103.0
tt6378710,90.0
tt6380520,105.0
tt6386748,125.0
tt6390668,139.0
tt6394270,109.0
tt6398184,122.0
tt6399158,126.0
tt6400614,100.0
tt6402468,121.0
tt6408226,117.0
tt6410564,124.0
tt6412452,133.0
tt6412864,101.0
tt6418778,100.0
tt6418996,80.0
tt6421110,89.0
tt6423362,100.0
tt6423776,94.0
tt6426028,102.0
tt6428676,85.0
tt6432466,111.0
tt6433456,123.0
tt6433880,93.0
tt6436620,101.0
tt6436726,93.0
tt6438096,90.0
tt6439020,119.0
tt6439558,114.0
tt6442978,82.0
tt6443346,125.0
tt6445414,102.0
tt6450186,110.0
tt6450804,128.0
tt6452574,155.0
tt6455162,143.0
tt6456326,131.0
tt6462462,95.0
tt6462958,116.0
tt6467266,110.0
tt6469548,72.0
tt6471264,120.0
tt6472976,116.0
tt6473066,121.0
tt6474040,92.0
tt6475714,103.0
tt6476140,106.0
tt6483364,93.0
tt6484982,106.0
tt6485666,172.0
tt6485928,98.0
tt6491178,159.0
tt6493286,129.0
tt6494418,104.0
tt6495056,83.0
tt6495770,85.0
tt6499752,100.0
tt6504538,101.0
tt6506264,104.0
tt6508228,94.0
tt6510332,111.0
tt6511932,95.0
tt6512784,135.0
tt6513120,108.0
tt6513656,93.0
tt6514196,137.0
tt6515910,112.0
tt6516314,81.0
tt6518270,108.0
tt6520954,107.0
tt6521776,102.0
tt6521876,105.0
tt6522546,155.0
tt6523720,106.0
tt6527426,164.0
tt6528290,112.0
tt6533240,98.0
tt6535880,92.0
tt6537238,111.0
tt6543652,89.0
tt6544220,79.0
tt6547170,89.0
tt6547786,95.0
tt6556576,89.0
tt6556670,99.0
tt6556890,74.0
tt6560164,82.0
tt6563576,85.0
tt6565702,113.0
tt6566576,107.0
tt6571548,125.0
tt6572702,93.0
tt6574146,106.0
tt6574272,87.0
tt6576556,111.0
tt6580564,102.0
tt6587046,124.0
tt6587640,91.0
tt6588966,116.0
tt6593054,147.0
tt6595896,98.0
tt6598238,107.0
tt6598626,83.0
tt6604188,119.0
tt6609088,105.0
tt6610158,108.0
tt6613878,105.0
tt6624144,97.0
tt6628102,188.0
tt6628394,141.0
tt6643972,96.0
tt6644200,90.0
tt6652708,105.0
tt6654210,106.0
tt6662736,101.0
tt6663582,117.0
tt6673612,101.0
tt6673840,137.0
tt6675244,101.0
tt6679794,121.0
tt6684714,86.0
tt6684884,109.0
tt6685538,99.0
tt6689014,102.0
tt6692354,105.0
tt6697582,125.0
tt6700846,90.0
tt6704776,110.0
tt6704898,118.0
tt6705162,107.0
tt6708116,100.0
tt6708668,114.0
tt6710474,139.0
tt6712014,141.0
tt6714534,92.0
tt6718170,92.0
tt6720802,170.0
tt6721848,110.0
tt6722030,102.0
tt6722400,90.0
tt6722726,106.0
tt6722802,109.0
tt6723592,150.0
tt6728096,90.0
tt6733874,98.0
tt6734984,152.0
tt6735740,105.0
tt6738136,108.0
tt6739646,90.0
tt6742252,85.0
tt6744044,92.0
tt6745550,95.0
tt6748466,104.0
tt6751668,132.0
tt6752992,128.0
tt6760876,127.0
tt6763252,118.0
tt6768578,103.0
tt6769280,104.0
tt6769508,139.0
tt6772802,116.0
tt6772804,87.0
tt6772950,100.0
tt6774212,157.0
tt6774786,119.0
tt6777338,124.0
tt6781982,111.0
tt6788942,130.0
tt6791096,110.0
tt6791350,150.0
tt6791730,150.0
tt6792282,122.0
tt6793580,124.0
tt6794424,114.0
tt6802308,94.0
tt6802400,110.0
tt6803046,91.0
tt6803212,103.0
tt6805938,86.0
tt6806448,137.0
tt6811018,120.0
tt6817944,78.0
tt6820256,98.0
tt6821012,116.0
tt6823148,131.0
tt6823368,129.0
tt6826438,129.0
tt6828390,119.0
tt6829180,97.0
tt6832388,95.0
tt6836936,170.0
tt6838702,107.0
tt6841122,99.0
tt6842770,102.0
tt6843812,137.0
tt6850820,101.0
tt6852534,106.0
tt6852872,108.0
tt6856242,131.0
tt6857112,116.0
tt6857166,104.0
tt6857376,110.0
tt6857988,98.0
tt6859352,93.0
tt6859418,107.0
tt6859762,111.0
tt6861726,150.0
tt6864046,116.0
tt6865690,90.0
tt6866224,111.0
tt6874690,104.0
tt6874762,93.0
tt6878038,137.0
tt6878306,118.0
tt6878378,149.0
tt6878882,142.0
tt6879446,102.0
tt6882604,109.0
tt6889032,101.0
tt6890582,101.0
tt6892400,128.0
tt6892462,102.0
tt6893836,98.0
tt6895284,94.0
tt6896536,113.0
tt6900448,98.0
tt6902332,108.0
tt6902676,98.0
tt6902696,102.0
tt6903440,148.0
tt6905696,104.0
tt6906292,91.0
tt6908274,128.0
tt6910020,134.0
tt6910282,112.0
tt6910678,98.0
tt6911608,114.0
tt6914122,120.0
tt6915770,121.0
tt6916362,119.0
tt6920084,107.0
tt6920356,120.0
tt6921996,89.0
tt6923462,112.0
tt6924650,138.0
tt6927152,121.0
tt6929642,162.0
tt6931414,136.0
tt6931658,131.0
tt6932874,107.0
tt6933454,103.0
tt6938828,111.0
tt6950476,112.0
tt6951892,110.0
tt6952604,116.0
tt6952960,96.0
tt6953974,89.0
tt6957966,102.0
tt6958014,93.0
tt6958212,113.0
tt6964940,107.0
tt6966692,130.0
tt6967980,116.0
tt6968614,115.0
tt6971752,119.0
tt6972140,138.0
tt6977240,88.0
tt6977338,90.0
tt6979756,148.0
tt6980546,173.0
tt6986710,112.0
tt6987770,87.0
tt6988116,166.0
tt6990206,99.0
tt6998518,121.0
tt6999052,124.0
tt7008872,115.0
tt7010412,102.0
tt7014006,93.0
tt7014378,95.0
tt7016254,123.0
tt7019820,160.0
tt7019842,158.0
tt7019942,176.0
tt7025976,120.0
tt7026488,105.0
tt7026666,140.0
tt7026672,97.0
tt7027278,116.0
tt7035004,100.0
tt7038762,82.0
tt7040874,117.0
tt7042862,98.0
tt7043012,113.0
tt7048622,113.0
tt7054636,109.0
tt7056732,109.0
tt7057496,108.0
tt7058080,98.0
tt7059844,160.0
tt7060344,146.0
tt7060460,157.0
tt7063210,105.0
tt7068818,101.0
tt7068946,132.0
tt7069210,112.0
tt7070818,96.0
tt7073710,98.0
tt7074886,113.0
tt7076834,107.0
tt7083526,116.0
tt7084386,95.0
tt7094488,125.0
tt7095482,132.0
tt7095654,123.0
tt7097896,97.0
tt7098658,138.0
tt7112154,119.0
tt7121252,100.0
tt7125774,125.0
tt7125860,119.0
tt7126948,151.0
tt7130300,92.0
tt7131622,161.0
tt7131870,123.0
tt7133686,106.0
tt7134096,109.0
tt7137380,121.0
tt7137846,88.0
tt7139936,92.0
tt7142506,99.0
tt7144666,103.0
tt7146812,102.0
tt7147158,98.0
tt7147540,122.0
tt7149730,93.0
tt7153488,87.0
tt7153766,98.0
tt7156222,73.0
tt7158430,97.0
tt7159382,144.0
tt7160070,139.0
tt7160372,105.0
tt7167686,87.0
tt7170950,98.0
tt7178640,106.0
tt7179784,160.0
tt7180544,154.0
tt7181546,124.0
tt7183578,130.0
tt7190460,151.0
tt7200946,109.0
tt7204348,118.0
tt7205316,101.0
tt7207238,90.0
tt7208564,92.0
tt7209472,83.0
tt7209510,99.0
tt7212726,158.0
tt7212754,150.0
tt7213936,106.0
tt7214762,94.0
tt7214842,95.0
tt7214954,105.0
tt7215232,109.0
tt7215262,93.0
tt7218518,140.0
tt7218732,113.0
tt7220754,92.0
tt7221896,100.0
tt7225386,116.0
tt7230750,121.0
tt7236034,109.0
tt7238392,102.0
tt7241926,108.0
tt7242142,95.0
tt7250056,108.0
tt7255568,146.0
tt7256866,94.0
tt7260048,109.0
tt7262882,107.0
tt7268738,143.0
tt7270808,141.0
tt7277680,123.0
tt7278824,123.0
tt7279180,104.0
tt7279188,101.0
tt7280898,143.0
tt7282468,148.0
tt7283064,167.0
tt7286456,122.0
tt7286916,100.0
tt7286966,82.0
tt7288408,103.0
tt7291268,100.0
tt7294150,149.0
tt7294534,182.0
tt7295450,90.0
tt7296862,75.0
tt7298400,136.0
tt7299298,122.0
tt7304802,121.0
tt7304824,139.0
tt7312940,92.0
tt7315484,90.0
tt7318202,117.0
tt7320560,113.0
tt7322224,147.0
tt7323600,102.0
tt7328154,93.0
tt7329656,90.0
tt7329858,136.0
tt7334528,103.0
tt7339248,104.0
tt7339826,115.0
tt7342838,126.0
tt7345930,131.0
tt7347846,108.0
tt7349662,135.0
tt7349910,119.0
tt7349950,169.0
tt7350614,90.0
tt7354440,119.0
tt7357302,97.0
tt7362036,117.0
tt7363076,122.0
tt7363104,134.0
tt7365604,113.0
tt7367960,83.0
tt7374926,107.0
tt7374948,101.0
tt7375466,112.0
tt7378922,118.0
tt7388562,108.0
tt7390588,93.0
tt7390646,108.0
tt7391996,152.0
tt7392212,170.0
tt7394674,98.0
tt7394816,97.0
tt7395114,138.0
tt7399138,110.0
tt7399470,125.0
tt7401588,118.0
tt7405458,126.0
tt7420342,112.0
tt7422822,95.0
tt7424200,84.0
tt7427356,98.0
tt7430722,151.0
tt7431594,160.0
tt7439064,125.0
tt7440432,124.0
tt7442274,109.0
tt7448180,95.0
tt7451284,85.0
tt7455754,86.0
tt7456310,118.0
tt7456312,115.0
tt7458762,115.0
tt7460806,98.0
tt7461200,93.0
tt7461272,121.0
tt7461372,90.0
tt7461686,100.0
tt7464188,118.0
tt7465992,177.0
tt7466442,102.0
tt7466810,164.0
tt7468056,121.0
tt7468616,88.0
tt7469726,137.0
tt7469828,115.0
tt7472352,97.0
tt7475578,130.0
tt7476116,121.0
tt7476236,93.0
tt7477310,91.0
tt7485048,154.0
tt7488208,95.0
tt7489816,90.0
tt7493370,124.0
tt7504726,100.0
tt7504818,107.0
tt7510222,94.0
tt7510346,94.0
tt7512624,149.0
tt7515456,107.0
tt7518466,90.0
tt7518786,162.0
tt7521214,107.0
tt7524414,101.0
tt7525778,94.0
tt7527682,88.0
tt7529298,121.0
tt7533152,113.0
tt7533846,108.0
tt7535792,115.0
tt7535868,90.0
tt7541106,90.0
tt7541720,107.0
tt7545266,83.0
tt7545524,103.0
tt7545566,106.0
tt7547410,102.0
tt7549892,87.0
tt7549996,118.0
tt7550000,113.0
tt7550014,95.0
tt7552686,101.0
tt7556122,125.0
tt7557108,84.0
tt7558302,100.0
tt7574556,98.0
tt7581552,130.0
tt7581572,123.0
tt7581902,138.0
tt7587876,100.0
tt7588790,95.0
tt7589524,106.0
tt7599146,131.0
tt7600382,98.0
tt7601480,136.0
tt7605074,125.0
tt7605922,104.0
tt7608028,94.0
tt7608418,92.0
tt7608534,104.0
tt7615052,88.0
tt7615302,101.0
tt7616148,109.0
tt7616798,96.0
tt7618184,140.0
tt7634968,117.0
tt7638344,138.0
tt7638348,100.0
tt7639372,130.0
tt7642818,124.0
tt7645122,98.0
tt7645780,96.0
tt7646322,88.0
tt7653254,137.0
tt7657566,127.0
tt7664504,96.0
tt7668842,110.0
tt7668870,102.0
tt7670212,115.0
tt7671064,104.0
tt7672068,99.0
tt7681902,95.0
tt7689964,98.0
tt7689966,116.0
tt7690638,131.0
tt7690670,116.0
tt7691572,112.0
tt7693316,139.0
tt7698468,123.0
tt7700730,115.0
tt7711170,98.0
tt7713068,109.0
tt7715202,163.0
tt7720922,161.0
tt7721800,150.0
tt7721946,145.0
tt7725596,124.0
tt7725626,153.0
tt7734218,93.0
tt7736478,153.0
tt7736496,122.0
tt7737224,111.0
tt7737528,106.0
tt7737640,96.0
tt7737734,96.0
tt7737786,119.0
tt7737800,95.0
tt7738330,112.0
tt7738450,92.0
tt7738784,147.0
tt7740496,150.0
tt7740510,99.0
tt7745068,96.0
tt7748244,107.0
tt7748426,113.0
tt7752126,90.0
tt7758160,147.0
tt7765910,162.0
tt7766378,128.0
tt7772580,90.0
tt7772582,101.0
tt7775622,100.0
tt7775720,112.0
tt7778680,110.0
tt7781432,108.0
tt7784604,127.0
tt7794524,163.0
tt7797658,150.0
tt7798604,126.0
tt7798634,95.0
tt7798646,106.0
tt7805960,133.0
tt7807026,103.0
tt7816392,94.0
tt7818580,107.0
tt7822438,138.0
tt7825208,155.0
tt7826276,106.0
tt7830806,97.0
tt7831358,83.0
tt7832124,136.0
tt7832848,105.0
tt7838252,154.0
tt7838536,88.0
tt7841496,103.0
tt7843600,96.0
tt7846056,99.0
tt7846844,123.0
tt7851428,102.0
tt7853242,133.0
tt7862330,95.0
tt7867670,95.0
tt7869070,88.0
tt7873348,93.0
tt7886848,133.0
tt7886936,92.0
tt7888964,92.0
tt7892050,146.0
tt7897330,114.0
tt7901798,103.0
tt7903530,92.0
tt7905466,99.0
tt7914416,96.0
tt7917178,88.0
tt7919680,114.0
tt7921248,97.0
tt7923220,111.0
tt7937168,147.0
tt7937254,112.0
tt7939766,134.0
tt7941892,120.0
tt7942742,136.0
tt7945440,97.0
tt7946422,100.0
tt7946836,132.0
tt7947604,134.0
tt7957694,109.0
tt7958736,99.0
tt7959026,116.0
tt7959216,93.0
tt7959500,80.0
tt7961060,100.0
tt7962932,83.0
tt7967302,103.0
tt7967412,107.0
tt7972012,117.0
tt7974772,83.0
tt7975244,123.0
tt7978672,98.0
tt7978758,97.0
tt7979142,90.0
tt7979580,114.0
tt7983794,92.0
tt7983844,87.0
tt7983894,117.0
tt7984734,109.0
tt7984766,140.0
tt7985648,156.0
tt7985692,112.0
tt7985704,114.0
tt7991508,126.0
tt7991608,118.0
tt7998242,186.0
tt8000718,116.0
tt8000908,124.0
tt8001346,87.0
tt8002382,109.0
tt8004664,96.0
tt8008948,144.0
tt8009314,88.0
tt8009428,117.0
tt8009744,118.0
tt8009906,94.0
tt8011276,140.0
tt8015080,101.0
tt8015444,70.0
tt8020896,230.0
tt8033592,120.0
tt8041270,147.0
tt8041276,89.0
tt8042116,109.0
tt8042292,160.0
tt8045906,110.0
tt8046498,83.0
tt8051894,126.0
tt8055888,134.0
tt8058874,91.0
tt8060328,134.0
tt8066940,165.0
tt8075016,99.0
tt8075192,121.0
tt8075260,92.0
tt8079248,116.0
tt8080204,93.0
tt8085790,109.0
tt8090580,109.0
tt8092252,132.0
tt8093700,135.0
tt8094252,148.0
tt8095860,137.0
tt8096832,111.0
tt8097030,100.0
tt8097306,110.0
tt8105234,99.0
tt8106160,98.0
tt8106534,128.0
tt8108164,120.0
tt8108196,121.0
tt8108198,139.0
tt8108200,143.0
tt8108202,128.0
tt8108206,146.0
tt8108268,134.0
tt8108274,135.0
tt8110232,120.0
tt8110330,101.0
tt8110640,115.0
tt8110652,94.0
tt8114980,88.0
tt8115900,100.0
tt8116428,142.0
tt8119752,95.0
tt8128188,90.0
tt8129794,111.0
tt8129806,119.0
tt8130904,101.0
tt8130968,118.0
tt8132700,96.0
tt8134742,115.0
tt8135494,109.0
tt8143990,104.0
tt8144834,124.0
tt8145202,103.0
tt8150814,96.0
tt8151874,94.0
tt8155182,92.0
tt8155288,100.0
tt8160834,91.0
tt8160864,84.0
tt8165192,126.0
tt8169446,103.0
tt8173728,75.0
tt8176040,171.0
tt8176054,154.0
tt8176578,74.0
tt8178486,107.0
tt8178634,187.0
tt8179024,96.0
tt8179388,98.0
tt8179470,92.0
tt8185182,138.0
tt8186318,119.0
tt8188872,130.0
tt8193790,77.0
tt8195518,115.0
tt8197998,111.0
tt8201170,89.0
tt8201852,93.0
tt8202612,140.0
tt8206668,108.0
tt8209702,95.0
tt8228172,82.0
tt8228288,94.0
tt8231668,92.0
tt8233874,94.0
tt8236336,119.0
tt8237172,123.0
tt8239946,108.0
tt8241876,95.0
tt8242084,99.0
tt8244784,90.0
tt8254556,105.0
tt8258074,81.0
tt8258502,110.0
tt8262802,95.0
tt8263936,100.0
tt8265928,117.0
tt8266310,118.0
tt8267604,126.0
tt8269248,153.0
tt8269552,100.0
tt8282042,122.0
tt8286926,131.0
tt8290698,137.0
tt8291224,138.0
tt8291806,113.0
tt8296030,108.0
tt8299768,91.0
tt8302382,154.0
tt8305806,95.0
tt8305852,91.0
tt8307082,99.0
tt8310474,129.0
tt8310486,93.0
tt8323104,89.0
tt8323120,106.0
tt8323668,96.0
tt8328716,96.0
tt8329290,95.0
tt8332454,90.0
tt8332802,99.0
tt8332922,97.0
tt8333746,125.0
tt8333978,176.0
tt8337158,95.0
tt8337264,98.0
tt8337290,112.0
tt8337320,118.0
tt8338762,107.0
tt8342680,99.0
tt8345300,181.0
tt8347960,106.0
tt8350360,106.0
tt8354112,86.0
tt8356942,122.0
tt8358220,83.0
tt8359816,101.0
tt8359822,85.0
tt8359842,102.0
tt8359848,97.0
tt8361028,94.0
tt8363392,81.0
tt8364368,87.0
tt8366590,143.0
tt8367814,113.0
tt8368368,122.0
tt8368406,97.0
tt8368408,114.0
tt8368512,112.0
tt8372094,97.0
tt8372298,94.0
tt8373206,90.0
tt8376234,93.0
tt8378126,127.0
tt8380776,97.0
tt8385148,100.0
tt8385420,126.0
tt8385474,109.0
tt8388508,169.0
tt8393332,110.0
tt8399288,136.0
tt8399664,118.0
tt8399720,118.0
tt8400758,95.0
tt8402090,100.0
tt8404256,121.0
tt8404614,125.0
tt8411144,166.0
tt8413338,135.0
tt8426594,88.0
tt8426926,178.0
tt8430054,89.0
tt8430598,107.0
tt8433210,114.0
tt8435002,91.0
tt8436026,162.0
tt8439854,120.0
tt8442644,121.0
tt8443704,100.0
tt8456098,60.0
tt8461224,95.0
tt8478602,91.0
tt8482584,118.0
tt8485364,100.0
tt8488126,119.0
tt8493514,113.0
tt8503618,160.0
tt8504014,134.0
tt8508734,93.0
tt8510324,114.0
tt8510350,85.0
tt8510488,85.0
tt8521718,126.0
tt8521736,95.0
tt8521778,107.0
tt8521876,86.0
tt8522006,102.0
tt8522820,87.0
tt8523334,91.0
tt8526370,98.0
tt8526872,118.0
tt8530978,109.0
tt8535180,91.0
tt8535968,125.0
tt8542964,110.0
tt8544498,108.0
tt8545482,98.0
tt8550054,109.0
tt8550208,141.0
tt8561086,138.0
tt8563452,105.0
tt8564902,108.0
tt8574252,125.0
tt8579674,119.0
tt8580274,123.0
tt8589698,99.0
tt8590896,142.0
tt8593824,95.0
tt8593904,88.0
tt8594376,130.0
tt8597594,94.0
tt8609660,97.0
tt8610436,140.0
tt8613070,122.0
tt8613876,89.0
tt8615822,128.0
tt8618118,110.0
tt8618654,84.0
tt8623904,103.0
tt8629748,111.0
tt8632862,128.0
tt8633462,101.0
tt8633464,96.0
tt8633478,90.0
tt8635092,115.0
tt8637428,100.0
tt8637440,98.0
tt8637498,97.0
tt8637504,108.0
tt8639136,137.0
tt8647310,95.0
tt8647400,135.0
tt8649186,115.0
tt8649252,84.0
tt8649344,97.0
tt8652728,135.0
tt8652818,140.0
tt8655470,114.0
tt8656686,104.0
tt8663516,90.0
tt8664988,127.0
tt8672856,150.0
tt8688634,99.0
tt8689290,93.0
tt8695030,104.0
tt8698956,110.0
tt8704802,86.0
tt8707374,89.0
tt8707922,94.0
tt8709036,92.0
tt8710596,90.0
tt8717446,97.0
tt8718158,102.0
tt8718300,119.0
tt8721424,115.0
tt8721556,95.0
tt8722346,132.0
tt8727582,92.0
tt8737152,140.0
tt8737614,154.0
tt8738964,133.0
tt8739752,123.0
tt8740778,111.0
tt8743064,84.0
tt8745676,134.0
tt8745960,100.0
tt8746404,88.0
tt8747160,99.0
tt8747450,111.0
tt8750570,118.0
tt8752474,77.0
tt8752498,83.0
tt8760280,119.0
tt8760670,106.0
tt8760684,93.0
tt8760708,102.0
tt8765496,110.0
tt8767908,119.0
tt8772262,148.0
tt8781414,105.0
tt8784956,96.0
tt8785038,87.0
tt8786654,91.0
tt8790086,127.0
tt8800266,107.0
tt8804580,103.0
tt8816194,96.0
tt8820590,139.0
tt8829830,102.0
tt8836988,87.0
tt8846176,111.0
tt8847712,107.0
tt8850222,116.0
tt8851148,115.0
tt8851668,86.0
tt8856470,98.0
tt8858104,55.0
tt8864596,104.0
tt8865546,60.0
tt8866456,95.0
tt8869978,146.0
tt8883486,125.0
tt8883524,97.0
tt8884906,116.0
tt8893974,98.0
tt8902990,143.0
tt8907974,131.0
tt8907986,145.0
tt8907992,120.0
tt8908002,126.0
tt8912936,105.0
tt8914492,102.0
tt8923482,83.0
tt8923484,106.0
tt8936646,116.0
tt8941440,152.0
tt8946378,130.0
tt8948790,157.0
tt8949056,78.0
tt8951692,112.0
tt8954732,101.0
tt8956324,86.0
tt8959820,171.0
tt8960382,138.0
tt8963708,113.0
tt8964540,123.0
tt8969332,91.0
tt8970448,81.0
tt8972256,104.0
tt8976576,85.0
tt8976710,97.0
tt8980602,100.0
tt8983164,136.0
tt8983166,131.0
tt8983180,128.0
tt8983202,173.0
tt8983220,156.0
tt8983228,176.0
tt8984572,131.0
tt8991268,89.0
tt8995218,83.0
tt8998472,92.0
tt8999372,108.0
tt8999762,216.0
tt9000184,92.0
tt9000224,87.0
tt9000302,106.0
tt9000388,107.0
tt9000466,73.0
tt9005184,94.0
tt9006564,150.0
tt9010738,101.0
tt9013182,107.0
tt9013340,98.0
tt9015188,86.0
tt9016016,101.0
tt9016974,102.0
tt9023964,119.0
tt9024106,109.0
tt9026184,93.0
tt9026524,80.0
tt9032400,156.0
tt9034290,123.0
tt9048786,116.0
tt9048804,98.0
tt9049042,105.0
tt9051908,102.0
tt9052870,143.0
tt9052960,155.0
tt9054192,110.0
tt9054970,124.0
tt9056818,90.0
tt9058654,106.0
tt9059704,88.0
tt9063902,101.0
tt9067182,93.0
tt9071322,126.0
tt9071456,99.0
tt9072352,89.0
tt9074574,105.0
tt9076562,101.0
tt9082020,91.0
tt9086228,87.0
tt9089294,99.0
tt9098872,107.0
tt9098938,119.0
tt9099938,134.0
tt9100018,88.0
tt9100054,121.0
tt9104736,163.0
tt9107368,97.0
tt9109306,95.0
tt9110170,109.0
tt9114286,161.0
tt9115530,126.0
tt9116358,111.0
tt9124428,130.0
tt9130508,142.0
tt9134216,96.0
tt9138170,104.0
tt9139586,117.0
tt9143112,112.0
tt9147456,110.0
tt9148706,106.0
tt9150192,116.0
tt9150970,78.0
tt9170516,107.0
tt9172422,115.0
tt9173154,107.0
tt9173264,101.0
tt9173418,86.0
tt9176296,126.0
tt9177040,100.0
tt9177882,90.0
tt9179096,115.0
tt9179230,138.0
tt9179430,175.0
tt9185066,98.0
tt9185206,106.0
tt9193612,95.0
tt9196192,96.0
tt9198364,108.0
tt9203694,116.0
tt9204204,105.0
tt9204328,96.0
tt9206798,101.0
tt9207700,94.0
tt9208444,92.0
tt9213244,95.0
tt9214772,121.0
tt9214832,124.0
tt9218128,148.0
tt9224104,116.0
tt9224288,94.0
tt9225192,116.0
tt9231040,122.0
tt9239552,90.0
tt9239888,111.0
tt9242528,129.0
tt9243804,130.0
tt9243946,122.0
tt9244554,110.0
tt9247314,87.0
tt9248934,152.0
tt9248940,132.0
tt9248952,119.0
tt9248972,130.0
tt9252468,101.0
tt9252488,97.0
tt9252508,101.0
tt9257484,85.0
tt9260636,179.0
tt9261218,104.0
tt9263550,157.0
tt9264728,87.0
tt9271672,93.0
tt9274670,108.0
tt9285882,91.0
tt9288046,115.0
tt9288692,97.0
tt9288776,99.0
tt9288822,108.0
tt9308382,113.0
tt9310328,74.0
tt9314984,92.0
tt9318280,83.0
tt9319812,143.0
tt9319826,117.0
tt9320140,80.0
tt9320226,161.0
tt9340860,113.0
tt9340892,93.0
tt9345754,103.0
tt9347730,91.0
tt9351980,110.0
tt9352356,81.0
tt9354842,101.0
tt9354944,84.0
tt9356952,100.0
tt9357050,137.0
tt9358044,95.0
tt9358052,87.0
tt9362722,140.0
tt9362736,119.0
tt9362930,127.0
tt9373688,103.0
tt9376612,132.0
tt9387250,113.0
tt9389998,179.0
tt9398640,82.0
tt9410034,86.0
tt9411972,125.0
tt9412098,97.0
tt9412268,98.0
tt9418812,97.0
tt9418878,108.0
tt9419056,99.0
tt9419834,97.0
tt9419884,126.0
tt9419976,94.0
tt9420648,133.0
tt9421570,90.0
tt9426186,101.0
tt9426210,112.0
tt9430698,101.0
tt9441638,106.0
tt9465600,91.0
tt9466114,115.0
tt9466814,183.0
tt9471678,117.0
tt9472334,92.0
tt9472532,88.0
tt9477520,141.0
tt9484998,90.0
tt9495224,90.0
tt9500372,141.0
tt9506474,135.0
tt9526826,140.0
tt9531772,145.0
tt9537292,163.0
tt9541602,111.0
tt9558612,136.0
tt9569610,109.0
tt9577852,142.0
tt9580138,80.0
tt9581076,185.0
tt9586294,135.0
tt9592496,160.0
tt9601220,104.0
tt9602472,102.0
tt9603060,95.0
tt9603208,169.0
tt9603212,163.0
tt9605894,120.0
tt9606374,96.0
tt9608818,124.0
tt9614452,153.0
tt9614460,120.0
tt9616700,119.0
tt9617456,100.0
tt9619798,90.0
tt9619824,110.0
tt9620288,144.0
tt9620292,113.0
tt9624766,102.0
tt9625664,87.0
tt9632590,92.0
tt9635540,159.0
tt9636732,84.0
tt9637132,135.0
tt9639470,116.0
tt9647768,113.0
tt9648672,146.0
tt9652782,89.0
tt9660502,104.0
tt9663168,111.0
tt9663764,124.0
tt9663896,125.0
tt9664078,90.0
tt9664108,108.0
tt9669176,96.0
tt9675274,112.0
tt9675464,155.0
tt9675716,157.0
tt9680136,126.0
tt9682428,98.0
tt9683478,104.0
tt9684220,86.0
tt9685342,130.0
tt9686708,136.0
tt9686790,101.0
tt9689696,94.0
tt9691136,83.0
tt9691290,116.0
tt9695722,107.0
tt9701940,109.0
tt9701942,114.0
tt9708358,106.0
tt9714030,133.0
tt9728962,95.0
tt9731386,115.0
tt9731534,107.0
tt9731598,115.0
tt9731682,118.0
tt9735470,101.0
tt9735758,87.0
tt9737876,108.0
tt9738716,105.0
tt9738784,127.0
tt9742334,138.0
tt9742794,118.0
tt9747594,108.0
tt9764362,107.0
tt9766332,138.0
tt9770150,107.0
tt9772374,93.0
tt9777644,154.0
tt9777666,138.0
tt9779516,116.0
tt9783600,106.0
tt9784456,134.0
tt9784708,82.0
tt9784798,126.0
tt9789042,102.0
tt9789686,108.0
tt9793334,136.0
tt9794630,115.0
tt9801736,109.0
tt9806192,81.0
tt9806322,113.0
tt9806336,94.0
tt9806370,92.0
tt9812474,106.0
tt9815554,84.0
tt9817070,131.0
tt9820556,92.0
tt9824114,110.0
tt9827834,116.0
tt9831136,89.0
tt9844522,88.0
tt9845564,106.0
tt9848626,87.0
tt9850386,111.0
tt9851854,150.0
tt9853500,126.0
tt9860566,89.0
tt9860728,98.0
tt9866072,104.0
tt9873892,122.0
tt9877170,135.0
tt9881586,89.0
tt9883398,86.0
tt9883832,135.0
tt9883996,113.0
tt9893250,118.0
tt9894470,92.0
tt9898858,88.0
tt9900782,145.0
tt9902160,97.0
tt9907782,111.0
tt9916362,92.0
